2026-09-14T10:41:11.857Z [INFO] server logger started pid=31700
2026-09-14T10:41:20.196Z [WARN] [33m[1m⚠[22m[39m ./lib/server/paths.ts:10:14
[1m[33mWarning[39m: A Node.js API is used (process.cwd at line: 10) which is not supported in the Edge Runtime.
    Learn more: https://nextjs.org/docs/api-reference/edge-runtime[22m
  [90m 8 |[0m [36mexport[0m [36mconst[0m [33mDATA_DIR[0m = process.env.[33mDATA_DIR[0m
  [90m 9 |[0m 	? path.resolve(process.env.[33mDATA_DIR[0m)
[33m[1m>[0m [90m10 |[0m 	: path.join(process.cwd(), [32m"data"[0m);
  [90m   |[0m             [33m[1m^^^^^^^^^^^[0m
  [90m11 |[0m
  [90m12 |[0m [36mconst[0m [33mSTRUCTURED_FILE_EXTENSIONS[0m = [[32m".yaml"[0m, [32m".yml"[0m, [32m".json"[0m] [36mas[0m [36mco...[0m
  [90m13 |[0m

Ecmascript file had an error

Import trace:
  Edge Instrumentation:
    ./lib/server/paths.ts
    ./lib/server/runtime-logger.ts
    ./instrumentation.ts


2026-09-14T10:41:20.210Z [WARN] [33m[1m⚠[22m[39m ./lib/server/runtime-logger.ts:52:50
[1m[33mWarning[39m: A Node.js API is used (process.pid at line: 52) which is not supported in the Edge Runtime.
    Learn more: https://nextjs.org/docs/api-reference/edge-runtime[22m
  [90m50 |[0m ...ues);
  [90m51 |[0m ...
[33m[1m>[0m [90m52 |[0m ...[32mer logger started"[0m, [32m`pid=[0m${process.pid[32m}`[0m]);
  [90m   |[0m                               [33m[1m^^^^^^^^^^^[0m
  [90m53 |[0m ...
  [90m54 |[0m ...
  [90m55 |[0m ...untimeError(error: unknown, requestPath?: string) {

Ecmascript file had an error

Import trace:
  Edge Instrumentation:
    ./lib/server/runtime-logger.ts
    ./instrumentation.ts


2026-09-14T10:41:20.222Z [WARN] [33m[1m⚠[22m[39m ./lib/server/paths.ts:1:1
[1m[33mWarning[39m: A Node.js module is loaded ('node:fs' at line 1) which is not supported in the Edge Runtime.
    Learn More: https://nextjs.org/docs/messages/node-module-in-edge-runtime[22m
[33m[1m>[0m [90m1 |[0m [36mimport[0m fs [36mfrom[0m [32m"node:fs"[0m;
  [90m  |[0m [33m[1m^^^^^^^^^^^^^^^^^^^^^^^^^[0m
  [90m2 |[0m [36mimport[0m path [36mfrom[0m [32m"node:path"[0m;
  [90m3 |[0m
  [90m4 |[0m /**

Ecmascript file had an error

Import trace:
  Edge Instrumentation:
    ./lib/server/paths.ts
    ./lib/server/runtime-logger.ts
    ./instrumentation.ts


2026-09-14T10:41:20.237Z [WARN] [33m[1m⚠[22m[39m ./lib/server/runtime-logger.ts:1:1
[1m[33mWarning[39m: A Node.js module is loaded ('node:fs' at line 1) which is not supported in the Edge Runtime.
    Learn More: https://nextjs.org/docs/messages/node-module-in-edge-runtime[22m
[33m[1m>[0m [90m1 |[0m [36mimport[0m fs [36mfrom[0m [32m"node:fs"[0m;
  [90m  |[0m [33m[1m^^^^^^^^^^^^^^^^^^^^^^^^^[0m
  [90m2 |[0m [36mimport[0m path [36mfrom[0m [32m"node:path"[0m;
  [90m3 |[0m [36mimport[0m { [33mDATA_DIR[0m } [36mfrom[0m [32m"./paths"[0m;
  [90m4 |[0m

Ecmascript file had an error

Import trace:
  Edge Instrumentation:
    ./lib/server/runtime-logger.ts
    ./instrumentation.ts


2026-09-14T10:41:20.245Z [WARN] [33m[1m⚠[22m[39m ./lib/server/paths.ts:2:1
[1m[33mWarning[39m: A Node.js module is loaded ('node:path' at line 2) which is not supported in the Edge Runtime.
    Learn More: https://nextjs.org/docs/messages/node-module-in-edge-runtime[22m
  [90m1 |[0m [36mimport[0m fs [36mfrom[0m [32m"node:fs"[0m;
[33m[1m>[0m [90m2 |[0m [36mimport[0m path [36mfrom[0m [32m"node:path"[0m;
  [90m  |[0m [33m[1m^^^^^^^^^^^^^^^^^^^^^^^^^^^^^[0m
  [90m3 |[0m
  [90m4 |[0m /**
  [90m5 |[0m  * 数据目录（便于 [33mDocker[0m 映射）。

Ecmascript file had an error

Import trace:
  Edge Instrumentation:
    ./lib/server/paths.ts
    ./lib/server/runtime-logger.ts
    ./instrumentation.ts


2026-09-14T10:41:20.258Z [WARN] [33m[1m⚠[22m[39m ./lib/server/runtime-logger.ts:2:1
[1m[33mWarning[39m: A Node.js module is loaded ('node:path' at line 2) which is not supported in the Edge Runtime.
    Learn More: https://nextjs.org/docs/messages/node-module-in-edge-runtime[22m
  [90m1 |[0m [36mimport[0m fs [36mfrom[0m [32m"node:fs"[0m;
[33m[1m>[0m [90m2 |[0m [36mimport[0m path [36mfrom[0m [32m"node:path"[0m;
  [90m  |[0m [33m[1m^^^^^^^^^^^^^^^^^^^^^^^^^^^^^[0m
  [90m3 |[0m [36mimport[0m { [33mDATA_DIR[0m } [36mfrom[0m [32m"./paths"[0m;
  [90m4 |[0m
  [90m5 |[0m [36mconst[0m [33mLOG_DIR[0m = path.join([33mDATA_DIR[0m, [32m"logs"[0m);

Ecmascript file had an error

Import trace:
  Edge Instrumentation:
    ./lib/server/runtime-logger.ts
    ./instrumentation.ts


2026-09-14T10:41:21.429Z [WARN] [33m[1m⚠[22m[39m ./lib/server/paths.ts:10:14
[1m[33mWarning[39m: A Node.js API is used (process.cwd at line: 10) which is not supported in the Edge Runtime.
    Learn more: https://nextjs.org/docs/api-reference/edge-runtime[22m
  [90m 8 |[0m [36mexport[0m [36mconst[0m [33mDATA_DIR[0m = process.env.[33mDATA_DIR[0m
  [90m 9 |[0m 	? path.resolve(process.env.[33mDATA_DIR[0m)
[33m[1m>[0m [90m10 |[0m 	: path.join(process.cwd(), [32m"data"[0m);
  [90m   |[0m             [33m[1m^^^^^^^^^^^[0m
  [90m11 |[0m
  [90m12 |[0m [36mconst[0m [33mSTRUCTURED_FILE_EXTENSIONS[0m = [[32m".yaml"[0m, [32m".yml"[0m, [32m".json"[0m] [36mas[0m [36mco...[0m
  [90m13 |[0m

Ecmascript file had an error

Import trace:
  Edge Instrumentation:
    ./lib/server/paths.ts
    ./lib/server/runtime-logger.ts
    ./instrumentation.ts


2026-09-14T10:41:21.436Z [WARN] [33m[1m⚠[22m[39m ./lib/server/runtime-logger.ts:52:50
[1m[33mWarning[39m: A Node.js API is used (process.pid at line: 52) which is not supported in the Edge Runtime.
    Learn more: https://nextjs.org/docs/api-reference/edge-runtime[22m
  [90m50 |[0m ...ues);
  [90m51 |[0m ...
[33m[1m>[0m [90m52 |[0m ...[32mer logger started"[0m, [32m`pid=[0m${process.pid[32m}`[0m]);
  [90m   |[0m                               [33m[1m^^^^^^^^^^^[0m
  [90m53 |[0m ...
  [90m54 |[0m ...
  [90m55 |[0m ...untimeError(error: unknown, requestPath?: string) {

Ecmascript file had an error

Import trace:
  Edge Instrumentation:
    ./lib/server/runtime-logger.ts
    ./instrumentation.ts


2026-09-14T10:41:21.442Z [WARN] [33m[1m⚠[22m[39m ./lib/server/paths.ts:1:1
[1m[33mWarning[39m: A Node.js module is loaded ('node:fs' at line 1) which is not supported in the Edge Runtime.
    Learn More: https://nextjs.org/docs/messages/node-module-in-edge-runtime[22m
[33m[1m>[0m [90m1 |[0m [36mimport[0m fs [36mfrom[0m [32m"node:fs"[0m;
  [90m  |[0m [33m[1m^^^^^^^^^^^^^^^^^^^^^^^^^[0m
  [90m2 |[0m [36mimport[0m path [36mfrom[0m [32m"node:path"[0m;
  [90m3 |[0m
  [90m4 |[0m /**

Ecmascript file had an error

Import trace:
  Edge Instrumentation:
    ./lib/server/paths.ts
    ./lib/server/runtime-logger.ts
    ./instrumentation.ts


2026-09-14T10:41:21.451Z [WARN] [33m[1m⚠[22m[39m ./lib/server/runtime-logger.ts:1:1
[1m[33mWarning[39m: A Node.js module is loaded ('node:fs' at line 1) which is not supported in the Edge Runtime.
    Learn More: https://nextjs.org/docs/messages/node-module-in-edge-runtime[22m
[33m[1m>[0m [90m1 |[0m [36mimport[0m fs [36mfrom[0m [32m"node:fs"[0m;
  [90m  |[0m [33m[1m^^^^^^^^^^^^^^^^^^^^^^^^^[0m
  [90m2 |[0m [36mimport[0m path [36mfrom[0m [32m"node:path"[0m;
  [90m3 |[0m [36mimport[0m { [33mDATA_DIR[0m } [36mfrom[0m [32m"./paths"[0m;
  [90m4 |[0m

Ecmascript file had an error

Import trace:
  Edge Instrumentation:
    ./lib/server/runtime-logger.ts
    ./instrumentation.ts


2026-09-14T10:41:21.462Z [WARN] [33m[1m⚠[22m[39m ./lib/server/paths.ts:2:1
[1m[33mWarning[39m: A Node.js module is loaded ('node:path' at line 2) which is not supported in the Edge Runtime.
    Learn More: https://nextjs.org/docs/messages/node-module-in-edge-runtime[22m
  [90m1 |[0m [36mimport[0m fs [36mfrom[0m [32m"node:fs"[0m;
[33m[1m>[0m [90m2 |[0m [36mimport[0m path [36mfrom[0m [32m"node:path"[0m;
  [90m  |[0m [33m[1m^^^^^^^^^^^^^^^^^^^^^^^^^^^^^[0m
  [90m3 |[0m
  [90m4 |[0m /**
  [90m5 |[0m  * 数据目录（便于 [33mDocker[0m 映射）。

Ecmascript file had an error

Import trace:
  Edge Instrumentation:
    ./lib/server/paths.ts
    ./lib/server/runtime-logger.ts
    ./instrumentation.ts


2026-09-14T10:41:21.470Z [WARN] [33m[1m⚠[22m[39m ./lib/server/runtime-logger.ts:2:1
[1m[33mWarning[39m: A Node.js module is loaded ('node:path' at line 2) which is not supported in the Edge Runtime.
    Learn More: https://nextjs.org/docs/messages/node-module-in-edge-runtime[22m
  [90m1 |[0m [36mimport[0m fs [36mfrom[0m [32m"node:fs"[0m;
[33m[1m>[0m [90m2 |[0m [36mimport[0m path [36mfrom[0m [32m"node:path"[0m;
  [90m  |[0m [33m[1m^^^^^^^^^^^^^^^^^^^^^^^^^^^^^[0m
  [90m3 |[0m [36mimport[0m { [33mDATA_DIR[0m } [36mfrom[0m [32m"./paths"[0m;
  [90m4 |[0m
  [90m5 |[0m [36mconst[0m [33mLOG_DIR[0m = path.join([33mDATA_DIR[0m, [32m"logs"[0m);

Ecmascript file had an error

Import trace:
  Edge Instrumentation:
    ./lib/server/runtime-logger.ts
    ./instrumentation.ts


2026-09-14T10:41:30.346Z [WARN] [33m[1m⚠[22m[39m ./lib/server/paths.ts:10:14
[1m[33mWarning[39m: A Node.js API is used (process.cwd at line: 10) which is not supported in the Edge Runtime.
    Learn more: https://nextjs.org/docs/api-reference/edge-runtime[22m
  [90m 8 |[0m [36mexport[0m [36mconst[0m [33mDATA_DIR[0m = process.env.[33mDATA_DIR[0m
  [90m 9 |[0m 	? path.resolve(process.env.[33mDATA_DIR[0m)
[33m[1m>[0m [90m10 |[0m 	: path.join(process.cwd(), [32m"data"[0m);
  [90m   |[0m             [33m[1m^^^^^^^^^^^[0m
  [90m11 |[0m
  [90m12 |[0m [36mconst[0m [33mSTRUCTURED_FILE_EXTENSIONS[0m = [[32m".yaml"[0m, [32m".yml"[0m, [32m".json"[0m] [36mas[0m [36mco...[0m
  [90m13 |[0m

Ecmascript file had an error

Import trace:
  Edge Instrumentation:
    ./lib/server/paths.ts
    ./lib/server/runtime-logger.ts
    ./instrumentation.ts


2026-09-14T10:41:30.383Z [WARN] [33m[1m⚠[22m[39m ./lib/server/runtime-logger.ts:52:50
[1m[33mWarning[39m: A Node.js API is used (process.pid at line: 52) which is not supported in the Edge Runtime.
    Learn more: https://nextjs.org/docs/api-reference/edge-runtime[22m
  [90m50 |[0m ...ues);
  [90m51 |[0m ...
[33m[1m>[0m [90m52 |[0m ...[32mer logger started"[0m, [32m`pid=[0m${process.pid[32m}`[0m]);
  [90m   |[0m                               [33m[1m^^^^^^^^^^^[0m
  [90m53 |[0m ...
  [90m54 |[0m ...
  [90m55 |[0m ...untimeError(error: unknown, requestPath?: string) {

Ecmascript file had an error

Import trace:
  Edge Instrumentation:
    ./lib/server/runtime-logger.ts
    ./instrumentation.ts


2026-09-14T10:41:30.441Z [WARN] [33m[1m⚠[22m[39m ./lib/server/paths.ts:1:1
[1m[33mWarning[39m: A Node.js module is loaded ('node:fs' at line 1) which is not supported in the Edge Runtime.
    Learn More: https://nextjs.org/docs/messages/node-module-in-edge-runtime[22m
[33m[1m>[0m [90m1 |[0m [36mimport[0m fs [36mfrom[0m [32m"node:fs"[0m;
  [90m  |[0m [33m[1m^^^^^^^^^^^^^^^^^^^^^^^^^[0m
  [90m2 |[0m [36mimport[0m path [36mfrom[0m [32m"node:path"[0m;
  [90m3 |[0m
  [90m4 |[0m /**

Ecmascript file had an error

Import trace:
  Edge Instrumentation:
    ./lib/server/paths.ts
    ./lib/server/runtime-logger.ts
    ./instrumentation.ts


2026-09-14T10:41:30.478Z [WARN] [33m[1m⚠[22m[39m ./lib/server/runtime-logger.ts:1:1
[1m[33mWarning[39m: A Node.js module is loaded ('node:fs' at line 1) which is not supported in the Edge Runtime.
    Learn More: https://nextjs.org/docs/messages/node-module-in-edge-runtime[22m
[33m[1m>[0m [90m1 |[0m [36mimport[0m fs [36mfrom[0m [32m"node:fs"[0m;
  [90m  |[0m [33m[1m^^^^^^^^^^^^^^^^^^^^^^^^^[0m
  [90m2 |[0m [36mimport[0m path [36mfrom[0m [32m"node:path"[0m;
  [90m3 |[0m [36mimport[0m { [33mDATA_DIR[0m } [36mfrom[0m [32m"./paths"[0m;
  [90m4 |[0m

Ecmascript file had an error

Import trace:
  Edge Instrumentation:
    ./lib/server/runtime-logger.ts
    ./instrumentation.ts


2026-09-14T10:41:30.507Z [WARN] [33m[1m⚠[22m[39m ./lib/server/paths.ts:2:1
[1m[33mWarning[39m: A Node.js module is loaded ('node:path' at line 2) which is not supported in the Edge Runtime.
    Learn More: https://nextjs.org/docs/messages/node-module-in-edge-runtime[22m
  [90m1 |[0m [36mimport[0m fs [36mfrom[0m [32m"node:fs"[0m;
[33m[1m>[0m [90m2 |[0m [36mimport[0m path [36mfrom[0m [32m"node:path"[0m;
  [90m  |[0m [33m[1m^^^^^^^^^^^^^^^^^^^^^^^^^^^^^[0m
  [90m3 |[0m
  [90m4 |[0m /**
  [90m5 |[0m  * 数据目录（便于 [33mDocker[0m 映射）。

Ecmascript file had an error

Import trace:
  Edge Instrumentation:
    ./lib/server/paths.ts
    ./lib/server/runtime-logger.ts
    ./instrumentation.ts


2026-09-14T10:41:30.528Z [WARN] [33m[1m⚠[22m[39m ./lib/server/runtime-logger.ts:2:1
[1m[33mWarning[39m: A Node.js module is loaded ('node:path' at line 2) which is not supported in the Edge Runtime.
    Learn More: https://nextjs.org/docs/messages/node-module-in-edge-runtime[22m
  [90m1 |[0m [36mimport[0m fs [36mfrom[0m [32m"node:fs"[0m;
[33m[1m>[0m [90m2 |[0m [36mimport[0m path [36mfrom[0m [32m"node:path"[0m;
  [90m  |[0m [33m[1m^^^^^^^^^^^^^^^^^^^^^^^^^^^^^[0m
  [90m3 |[0m [36mimport[0m { [33mDATA_DIR[0m } [36mfrom[0m [32m"./paths"[0m;
  [90m4 |[0m
  [90m5 |[0m [36mconst[0m [33mLOG_DIR[0m = path.join([33mDATA_DIR[0m, [32m"logs"[0m);

Ecmascript file had an error

Import trace:
  Edge Instrumentation:
    ./lib/server/runtime-logger.ts
    ./instrumentation.ts


2026-09-14T10:41:38.060Z [WARN] [33m[1m⚠[22m[39m ./lib/server/paths.ts:10:14
[1m[33mWarning[39m: A Node.js API is used (process.cwd at line: 10) which is not supported in the Edge Runtime.
    Learn more: https://nextjs.org/docs/api-reference/edge-runtime[22m
  [90m 8 |[0m [36mexport[0m [36mconst[0m [33mDATA_DIR[0m = process.env.[33mDATA_DIR[0m
  [90m 9 |[0m 	? path.resolve(process.env.[33mDATA_DIR[0m)
[33m[1m>[0m [90m10 |[0m 	: path.join(process.cwd(), [32m"data"[0m);
  [90m   |[0m             [33m[1m^^^^^^^^^^^[0m
  [90m11 |[0m
  [90m12 |[0m [36mconst[0m [33mSTRUCTURED_FILE_EXTENSIONS[0m = [[32m".yaml"[0m, [32m".yml"[0m, [32m".json"[0m] [36mas[0m [36mco...[0m
  [90m13 |[0m

Ecmascript file had an error

Import trace:
  Edge Instrumentation:
    ./lib/server/paths.ts
    ./lib/server/runtime-logger.ts
    ./instrumentation.ts


2026-09-14T10:41:38.068Z [WARN] [33m[1m⚠[22m[39m ./lib/server/runtime-logger.ts:52:50
[1m[33mWarning[39m: A Node.js API is used (process.pid at line: 52) which is not supported in the Edge Runtime.
    Learn more: https://nextjs.org/docs/api-reference/edge-runtime[22m
  [90m50 |[0m ...ues);
  [90m51 |[0m ...
[33m[1m>[0m [90m52 |[0m ...[32mer logger started"[0m, [32m`pid=[0m${process.pid[32m}`[0m]);
  [90m   |[0m                               [33m[1m^^^^^^^^^^^[0m
  [90m53 |[0m ...
  [90m54 |[0m ...
  [90m55 |[0m ...untimeError(error: unknown, requestPath?: string) {

Ecmascript file had an error

Import trace:
  Edge Instrumentation:
    ./lib/server/runtime-logger.ts
    ./instrumentation.ts


2026-09-14T10:41:38.076Z [WARN] [33m[1m⚠[22m[39m ./lib/server/paths.ts:1:1
[1m[33mWarning[39m: A Node.js module is loaded ('node:fs' at line 1) which is not supported in the Edge Runtime.
    Learn More: https://nextjs.org/docs/messages/node-module-in-edge-runtime[22m
[33m[1m>[0m [90m1 |[0m [36mimport[0m fs [36mfrom[0m [32m"node:fs"[0m;
  [90m  |[0m [33m[1m^^^^^^^^^^^^^^^^^^^^^^^^^[0m
  [90m2 |[0m [36mimport[0m path [36mfrom[0m [32m"node:path"[0m;
  [90m3 |[0m
  [90m4 |[0m /**

Ecmascript file had an error

Import trace:
  Edge Instrumentation:
    ./lib/server/paths.ts
    ./lib/server/runtime-logger.ts
    ./instrumentation.ts


2026-09-14T10:41:38.086Z [WARN] [33m[1m⚠[22m[39m ./lib/server/runtime-logger.ts:1:1
[1m[33mWarning[39m: A Node.js module is loaded ('node:fs' at line 1) which is not supported in the Edge Runtime.
    Learn More: https://nextjs.org/docs/messages/node-module-in-edge-runtime[22m
[33m[1m>[0m [90m1 |[0m [36mimport[0m fs [36mfrom[0m [32m"node:fs"[0m;
  [90m  |[0m [33m[1m^^^^^^^^^^^^^^^^^^^^^^^^^[0m
  [90m2 |[0m [36mimport[0m path [36mfrom[0m [32m"node:path"[0m;
  [90m3 |[0m [36mimport[0m { [33mDATA_DIR[0m } [36mfrom[0m [32m"./paths"[0m;
  [90m4 |[0m

Ecmascript file had an error

Import trace:
  Edge Instrumentation:
    ./lib/server/runtime-logger.ts
    ./instrumentation.ts


2026-09-14T10:41:38.098Z [WARN] [33m[1m⚠[22m[39m ./lib/server/paths.ts:2:1
[1m[33mWarning[39m: A Node.js module is loaded ('node:path' at line 2) which is not supported in the Edge Runtime.
    Learn More: https://nextjs.org/docs/messages/node-module-in-edge-runtime[22m
  [90m1 |[0m [36mimport[0m fs [36mfrom[0m [32m"node:fs"[0m;
[33m[1m>[0m [90m2 |[0m [36mimport[0m path [36mfrom[0m [32m"node:path"[0m;
  [90m  |[0m [33m[1m^^^^^^^^^^^^^^^^^^^^^^^^^^^^^[0m
  [90m3 |[0m
  [90m4 |[0m /**
  [90m5 |[0m  * 数据目录（便于 [33mDocker[0m 映射）。

Ecmascript file had an error

Import trace:
  Edge Instrumentation:
    ./lib/server/paths.ts
    ./lib/server/runtime-logger.ts
    ./instrumentation.ts


2026-09-14T10:41:38.111Z [WARN] [33m[1m⚠[22m[39m ./lib/server/runtime-logger.ts:2:1
[1m[33mWarning[39m: A Node.js module is loaded ('node:path' at line 2) which is not supported in the Edge Runtime.
    Learn More: https://nextjs.org/docs/messages/node-module-in-edge-runtime[22m
  [90m1 |[0m [36mimport[0m fs [36mfrom[0m [32m"node:fs"[0m;
[33m[1m>[0m [90m2 |[0m [36mimport[0m path [36mfrom[0m [32m"node:path"[0m;
  [90m  |[0m [33m[1m^^^^^^^^^^^^^^^^^^^^^^^^^^^^^[0m
  [90m3 |[0m [36mimport[0m { [33mDATA_DIR[0m } [36mfrom[0m [32m"./paths"[0m;
  [90m4 |[0m
  [90m5 |[0m [36mconst[0m [33mLOG_DIR[0m = path.join([33mDATA_DIR[0m, [32m"logs"[0m);

Ecmascript file had an error

Import trace:
  Edge Instrumentation:
    ./lib/server/runtime-logger.ts
    ./instrumentation.ts


2026-09-14T10:41:39.144Z [ERROR] [36m[browser][39m Encountered two children with the same key, `#dbeafe`. Keys should be unique so that components maintain their identity across updates. Non-unique keys may cause children to be duplicated and/or omitted — the behavior is unsupported and could change in a future version. 
2026-09-14T10:46:10.011Z [WARN] [33m[1m⚠[22m[39m ./lib/server/paths.ts:10:14
[1m[33mWarning[39m: A Node.js API is used (process.cwd at line: 10) which is not supported in the Edge Runtime.
    Learn more: https://nextjs.org/docs/api-reference/edge-runtime[22m
  [90m 8 |[0m [36mexport[0m [36mconst[0m [33mDATA_DIR[0m = process.env.[33mDATA_DIR[0m
  [90m 9 |[0m 	? path.resolve(process.env.[33mDATA_DIR[0m)
[33m[1m>[0m [90m10 |[0m 	: path.join(process.cwd(), [32m"data"[0m);
  [90m   |[0m             [33m[1m^^^^^^^^^^^[0m
  [90m11 |[0m
  [90m12 |[0m [36mconst[0m [33mSTRUCTURED_FILE_EXTENSIONS[0m = [[32m".yaml"[0m, [32m".yml"[0m, [32m".json"[0m] [36mas[0m [36mco...[0m
  [90m13 |[0m

Ecmascript file had an error

Import trace:
  Edge Instrumentation:
    ./lib/server/paths.ts
    ./lib/server/runtime-logger.ts
    ./instrumentation.ts


2026-09-14T10:46:10.017Z [WARN] [33m[1m⚠[22m[39m ./lib/server/runtime-logger.ts:52:50
[1m[33mWarning[39m: A Node.js API is used (process.pid at line: 52) which is not supported in the Edge Runtime.
    Learn more: https://nextjs.org/docs/api-reference/edge-runtime[22m
  [90m50 |[0m ...ues);
  [90m51 |[0m ...
[33m[1m>[0m [90m52 |[0m ...[32mer logger started"[0m, [32m`pid=[0m${process.pid[32m}`[0m]);
  [90m   |[0m                               [33m[1m^^^^^^^^^^^[0m
  [90m53 |[0m ...
  [90m54 |[0m ...
  [90m55 |[0m ...untimeError(error: unknown, requestPath?: string) {

Ecmascript file had an error

Import trace:
  Edge Instrumentation:
    ./lib/server/runtime-logger.ts
    ./instrumentation.ts


2026-09-14T10:46:10.026Z [WARN] [33m[1m⚠[22m[39m ./lib/server/paths.ts:1:1
[1m[33mWarning[39m: A Node.js module is loaded ('node:fs' at line 1) which is not supported in the Edge Runtime.
    Learn More: https://nextjs.org/docs/messages/node-module-in-edge-runtime[22m
[33m[1m>[0m [90m1 |[0m [36mimport[0m fs [36mfrom[0m [32m"node:fs"[0m;
  [90m  |[0m [33m[1m^^^^^^^^^^^^^^^^^^^^^^^^^[0m
  [90m2 |[0m [36mimport[0m path [36mfrom[0m [32m"node:path"[0m;
  [90m3 |[0m
  [90m4 |[0m /**

Ecmascript file had an error

Import trace:
  Edge Instrumentation:
    ./lib/server/paths.ts
    ./lib/server/runtime-logger.ts
    ./instrumentation.ts


2026-09-14T10:46:10.033Z [WARN] [33m[1m⚠[22m[39m ./lib/server/runtime-logger.ts:1:1
[1m[33mWarning[39m: A Node.js module is loaded ('node:fs' at line 1) which is not supported in the Edge Runtime.
    Learn More: https://nextjs.org/docs/messages/node-module-in-edge-runtime[22m
[33m[1m>[0m [90m1 |[0m [36mimport[0m fs [36mfrom[0m [32m"node:fs"[0m;
  [90m  |[0m [33m[1m^^^^^^^^^^^^^^^^^^^^^^^^^[0m
  [90m2 |[0m [36mimport[0m path [36mfrom[0m [32m"node:path"[0m;
  [90m3 |[0m [36mimport[0m { [33mDATA_DIR[0m } [36mfrom[0m [32m"./paths"[0m;
  [90m4 |[0m

Ecmascript file had an error

Import trace:
  Edge Instrumentation:
    ./lib/server/runtime-logger.ts
    ./instrumentation.ts


2026-09-14T10:46:10.037Z [WARN] [33m[1m⚠[22m[39m ./lib/server/paths.ts:2:1
[1m[33mWarning[39m: A Node.js module is loaded ('node:path' at line 2) which is not supported in the Edge Runtime.
    Learn More: https://nextjs.org/docs/messages/node-module-in-edge-runtime[22m
  [90m1 |[0m [36mimport[0m fs [36mfrom[0m [32m"node:fs"[0m;
[33m[1m>[0m [90m2 |[0m [36mimport[0m path [36mfrom[0m [32m"node:path"[0m;
  [90m  |[0m [33m[1m^^^^^^^^^^^^^^^^^^^^^^^^^^^^^[0m
  [90m3 |[0m
  [90m4 |[0m /**
  [90m5 |[0m  * 数据目录（便于 [33mDocker[0m 映射）。

Ecmascript file had an error

Import trace:
  Edge Instrumentation:
    ./lib/server/paths.ts
    ./lib/server/runtime-logger.ts
    ./instrumentation.ts


2026-09-14T10:46:10.045Z [WARN] [33m[1m⚠[22m[39m ./lib/server/runtime-logger.ts:2:1
[1m[33mWarning[39m: A Node.js module is loaded ('node:path' at line 2) which is not supported in the Edge Runtime.
    Learn More: https://nextjs.org/docs/messages/node-module-in-edge-runtime[22m
  [90m1 |[0m [36mimport[0m fs [36mfrom[0m [32m"node:fs"[0m;
[33m[1m>[0m [90m2 |[0m [36mimport[0m path [36mfrom[0m [32m"node:path"[0m;
  [90m  |[0m [33m[1m^^^^^^^^^^^^^^^^^^^^^^^^^^^^^[0m
  [90m3 |[0m [36mimport[0m { [33mDATA_DIR[0m } [36mfrom[0m [32m"./paths"[0m;
  [90m4 |[0m
  [90m5 |[0m [36mconst[0m [33mLOG_DIR[0m = path.join([33mDATA_DIR[0m, [32m"logs"[0m);

Ecmascript file had an error

Import trace:
  Edge Instrumentation:
    ./lib/server/runtime-logger.ts
    ./instrumentation.ts


2026-09-14T10:48:21.382Z [WARN] [33m[1m⚠[22m[39m ./lib/server/paths.ts:10:14
[1m[33mWarning[39m: A Node.js API is used (process.cwd at line: 10) which is not supported in the Edge Runtime.
    Learn more: https://nextjs.org/docs/api-reference/edge-runtime[22m
  [90m 8 |[0m [36mexport[0m [36mconst[0m [33mDATA_DIR[0m = process.env.[33mDATA_DIR[0m
  [90m 9 |[0m 	? path.resolve(process.env.[33mDATA_DIR[0m)
[33m[1m>[0m [90m10 |[0m 	: path.join(process.cwd(), [32m"data"[0m);
  [90m   |[0m             [33m[1m^^^^^^^^^^^[0m
  [90m11 |[0m
  [90m12 |[0m [36mconst[0m [33mSTRUCTURED_FILE_EXTENSIONS[0m = [[32m".yaml"[0m, [32m".yml"[0m, [32m".json"[0m] [36mas[0m [36mco...[0m
  [90m13 |[0m

Ecmascript file had an error

Import trace:
  Edge Instrumentation:
    ./lib/server/paths.ts
    ./lib/server/runtime-logger.ts
    ./instrumentation.ts


2026-09-14T10:48:21.391Z [WARN] [33m[1m⚠[22m[39m ./lib/server/runtime-logger.ts:52:50
[1m[33mWarning[39m: A Node.js API is used (process.pid at line: 52) which is not supported in the Edge Runtime.
    Learn more: https://nextjs.org/docs/api-reference/edge-runtime[22m
  [90m50 |[0m ...ues);
  [90m51 |[0m ...
[33m[1m>[0m [90m52 |[0m ...[32mer logger started"[0m, [32m`pid=[0m${process.pid[32m}`[0m]);
  [90m   |[0m                               [33m[1m^^^^^^^^^^^[0m
  [90m53 |[0m ...
  [90m54 |[0m ...
  [90m55 |[0m ...untimeError(error: unknown, requestPath?: string) {

Ecmascript file had an error

Import trace:
  Edge Instrumentation:
    ./lib/server/runtime-logger.ts
    ./instrumentation.ts


2026-09-14T10:48:21.399Z [WARN] [33m[1m⚠[22m[39m ./lib/server/paths.ts:1:1
[1m[33mWarning[39m: A Node.js module is loaded ('node:fs' at line 1) which is not supported in the Edge Runtime.
    Learn More: https://nextjs.org/docs/messages/node-module-in-edge-runtime[22m
[33m[1m>[0m [90m1 |[0m [36mimport[0m fs [36mfrom[0m [32m"node:fs"[0m;
  [90m  |[0m [33m[1m^^^^^^^^^^^^^^^^^^^^^^^^^[0m
  [90m2 |[0m [36mimport[0m path [36mfrom[0m [32m"node:path"[0m;
  [90m3 |[0m
  [90m4 |[0m /**

Ecmascript file had an error

Import trace:
  Edge Instrumentation:
    ./lib/server/paths.ts
    ./lib/server/runtime-logger.ts
    ./instrumentation.ts


2026-09-14T10:48:21.407Z [WARN] [33m[1m⚠[22m[39m ./lib/server/runtime-logger.ts:1:1
[1m[33mWarning[39m: A Node.js module is loaded ('node:fs' at line 1) which is not supported in the Edge Runtime.
    Learn More: https://nextjs.org/docs/messages/node-module-in-edge-runtime[22m
[33m[1m>[0m [90m1 |[0m [36mimport[0m fs [36mfrom[0m [32m"node:fs"[0m;
  [90m  |[0m [33m[1m^^^^^^^^^^^^^^^^^^^^^^^^^[0m
  [90m2 |[0m [36mimport[0m path [36mfrom[0m [32m"node:path"[0m;
  [90m3 |[0m [36mimport[0m { [33mDATA_DIR[0m } [36mfrom[0m [32m"./paths"[0m;
  [90m4 |[0m

Ecmascript file had an error

Import trace:
  Edge Instrumentation:
    ./lib/server/runtime-logger.ts
    ./instrumentation.ts


2026-09-14T10:48:21.415Z [WARN] [33m[1m⚠[22m[39m ./lib/server/paths.ts:2:1
[1m[33mWarning[39m: A Node.js module is loaded ('node:path' at line 2) which is not supported in the Edge Runtime.
    Learn More: https://nextjs.org/docs/messages/node-module-in-edge-runtime[22m
  [90m1 |[0m [36mimport[0m fs [36mfrom[0m [32m"node:fs"[0m;
[33m[1m>[0m [90m2 |[0m [36mimport[0m path [36mfrom[0m [32m"node:path"[0m;
  [90m  |[0m [33m[1m^^^^^^^^^^^^^^^^^^^^^^^^^^^^^[0m
  [90m3 |[0m
  [90m4 |[0m /**
  [90m5 |[0m  * 数据目录（便于 [33mDocker[0m 映射）。

Ecmascript file had an error

Import trace:
  Edge Instrumentation:
    ./lib/server/paths.ts
    ./lib/server/runtime-logger.ts
    ./instrumentation.ts


2026-09-14T10:48:21.422Z [WARN] [33m[1m⚠[22m[39m ./lib/server/runtime-logger.ts:2:1
[1m[33mWarning[39m: A Node.js module is loaded ('node:path' at line 2) which is not supported in the Edge Runtime.
    Learn More: https://nextjs.org/docs/messages/node-module-in-edge-runtime[22m
  [90m1 |[0m [36mimport[0m fs [36mfrom[0m [32m"node:fs"[0m;
[33m[1m>[0m [90m2 |[0m [36mimport[0m path [36mfrom[0m [32m"node:path"[0m;
  [90m  |[0m [33m[1m^^^^^^^^^^^^^^^^^^^^^^^^^^^^^[0m
  [90m3 |[0m [36mimport[0m { [33mDATA_DIR[0m } [36mfrom[0m [32m"./paths"[0m;
  [90m4 |[0m
  [90m5 |[0m [36mconst[0m [33mLOG_DIR[0m = path.join([33mDATA_DIR[0m, [32m"logs"[0m);

Ecmascript file had an error

Import trace:
  Edge Instrumentation:
    ./lib/server/runtime-logger.ts
    ./instrumentation.ts


2026-09-14T10:48:23.067Z [WARN] [33m[1m⚠[22m[39m ./lib/server/paths.ts:10:14
[1m[33mWarning[39m: A Node.js API is used (process.cwd at line: 10) which is not supported in the Edge Runtime.
    Learn more: https://nextjs.org/docs/api-reference/edge-runtime[22m
  [90m 8 |[0m [36mexport[0m [36mconst[0m [33mDATA_DIR[0m = process.env.[33mDATA_DIR[0m
  [90m 9 |[0m 	? path.resolve(process.env.[33mDATA_DIR[0m)
[33m[1m>[0m [90m10 |[0m 	: path.join(process.cwd(), [32m"data"[0m);
  [90m   |[0m             [33m[1m^^^^^^^^^^^[0m
  [90m11 |[0m
  [90m12 |[0m [36mconst[0m [33mSTRUCTURED_FILE_EXTENSIONS[0m = [[32m".yaml"[0m, [32m".yml"[0m, [32m".json"[0m] [36mas[0m [36mco...[0m
  [90m13 |[0m

Ecmascript file had an error

Import trace:
  Edge Instrumentation:
    ./lib/server/paths.ts
    ./lib/server/runtime-logger.ts
    ./instrumentation.ts


2026-09-14T10:48:23.081Z [WARN] [33m[1m⚠[22m[39m ./lib/server/runtime-logger.ts:52:50
[1m[33mWarning[39m: A Node.js API is used (process.pid at line: 52) which is not supported in the Edge Runtime.
    Learn more: https://nextjs.org/docs/api-reference/edge-runtime[22m
  [90m50 |[0m ...ues);
  [90m51 |[0m ...
[33m[1m>[0m [90m52 |[0m ...[32mer logger started"[0m, [32m`pid=[0m${process.pid[32m}`[0m]);
  [90m   |[0m                               [33m[1m^^^^^^^^^^^[0m
  [90m53 |[0m ...
  [90m54 |[0m ...
  [90m55 |[0m ...untimeError(error: unknown, requestPath?: string) {

Ecmascript file had an error

Import trace:
  Edge Instrumentation:
    ./lib/server/runtime-logger.ts
    ./instrumentation.ts


2026-09-14T10:48:23.092Z [WARN] [33m[1m⚠[22m[39m ./lib/server/paths.ts:1:1
[1m[33mWarning[39m: A Node.js module is loaded ('node:fs' at line 1) which is not supported in the Edge Runtime.
    Learn More: https://nextjs.org/docs/messages/node-module-in-edge-runtime[22m
[33m[1m>[0m [90m1 |[0m [36mimport[0m fs [36mfrom[0m [32m"node:fs"[0m;
  [90m  |[0m [33m[1m^^^^^^^^^^^^^^^^^^^^^^^^^[0m
  [90m2 |[0m [36mimport[0m path [36mfrom[0m [32m"node:path"[0m;
  [90m3 |[0m
  [90m4 |[0m /**

Ecmascript file had an error

Import trace:
  Edge Instrumentation:
    ./lib/server/paths.ts
    ./lib/server/runtime-logger.ts
    ./instrumentation.ts


2026-09-14T10:48:23.103Z [WARN] [33m[1m⚠[22m[39m ./lib/server/runtime-logger.ts:1:1
[1m[33mWarning[39m: A Node.js module is loaded ('node:fs' at line 1) which is not supported in the Edge Runtime.
    Learn More: https://nextjs.org/docs/messages/node-module-in-edge-runtime[22m
[33m[1m>[0m [90m1 |[0m [36mimport[0m fs [36mfrom[0m [32m"node:fs"[0m;
  [90m  |[0m [33m[1m^^^^^^^^^^^^^^^^^^^^^^^^^[0m
  [90m2 |[0m [36mimport[0m path [36mfrom[0m [32m"node:path"[0m;
  [90m3 |[0m [36mimport[0m { [33mDATA_DIR[0m } [36mfrom[0m [32m"./paths"[0m;
  [90m4 |[0m

Ecmascript file had an error

Import trace:
  Edge Instrumentation:
    ./lib/server/runtime-logger.ts
    ./instrumentation.ts


2026-09-14T10:48:23.116Z [WARN] [33m[1m⚠[22m[39m ./lib/server/paths.ts:2:1
[1m[33mWarning[39m: A Node.js module is loaded ('node:path' at line 2) which is not supported in the Edge Runtime.
    Learn More: https://nextjs.org/docs/messages/node-module-in-edge-runtime[22m
  [90m1 |[0m [36mimport[0m fs [36mfrom[0m [32m"node:fs"[0m;
[33m[1m>[0m [90m2 |[0m [36mimport[0m path [36mfrom[0m [32m"node:path"[0m;
  [90m  |[0m [33m[1m^^^^^^^^^^^^^^^^^^^^^^^^^^^^^[0m
  [90m3 |[0m
  [90m4 |[0m /**
  [90m5 |[0m  * 数据目录（便于 [33mDocker[0m 映射）。

Ecmascript file had an error

Import trace:
  Edge Instrumentation:
    ./lib/server/paths.ts
    ./lib/server/runtime-logger.ts
    ./instrumentation.ts


2026-09-14T10:48:23.144Z [WARN] [33m[1m⚠[22m[39m ./lib/server/runtime-logger.ts:2:1
[1m[33mWarning[39m: A Node.js module is loaded ('node:path' at line 2) which is not supported in the Edge Runtime.
    Learn More: https://nextjs.org/docs/messages/node-module-in-edge-runtime[22m
  [90m1 |[0m [36mimport[0m fs [36mfrom[0m [32m"node:fs"[0m;
[33m[1m>[0m [90m2 |[0m [36mimport[0m path [36mfrom[0m [32m"node:path"[0m;
  [90m  |[0m [33m[1m^^^^^^^^^^^^^^^^^^^^^^^^^^^^^[0m
  [90m3 |[0m [36mimport[0m { [33mDATA_DIR[0m } [36mfrom[0m [32m"./paths"[0m;
  [90m4 |[0m
  [90m5 |[0m [36mconst[0m [33mLOG_DIR[0m = path.join([33mDATA_DIR[0m, [32m"logs"[0m);

Ecmascript file had an error

Import trace:
  Edge Instrumentation:
    ./lib/server/runtime-logger.ts
    ./instrumentation.ts


2026-09-14T11:27:14.630Z [WARN] [33m[1m⚠[22m[39m ./lib/server/paths.ts:10:14
[1m[33mWarning[39m: A Node.js API is used (process.cwd at line: 10) which is not supported in the Edge Runtime.
    Learn more: https://nextjs.org/docs/api-reference/edge-runtime[22m
  [90m 8 |[0m [36mexport[0m [36mconst[0m [33mDATA_DIR[0m = process.env.[33mDATA_DIR[0m
  [90m 9 |[0m 	? path.resolve(process.env.[33mDATA_DIR[0m)
[33m[1m>[0m [90m10 |[0m 	: path.join(process.cwd(), [32m"data"[0m);
  [90m   |[0m             [33m[1m^^^^^^^^^^^[0m
  [90m11 |[0m
  [90m12 |[0m [36mconst[0m [33mSTRUCTURED_FILE_EXTENSIONS[0m = [[32m".yaml"[0m, [32m".yml"[0m, [32m".json"[0m] [36mas[0m [36mco...[0m
  [90m13 |[0m

Ecmascript file had an error

Import trace:
  Edge Instrumentation:
    ./lib/server/paths.ts
    ./lib/server/runtime-logger.ts
    ./instrumentation.ts


2026-09-14T11:27:14.639Z [WARN] [33m[1m⚠[22m[39m ./lib/server/runtime-logger.ts:52:50
[1m[33mWarning[39m: A Node.js API is used (process.pid at line: 52) which is not supported in the Edge Runtime.
    Learn more: https://nextjs.org/docs/api-reference/edge-runtime[22m
  [90m50 |[0m ...ues);
  [90m51 |[0m ...
[33m[1m>[0m [90m52 |[0m ...[32mer logger started"[0m, [32m`pid=[0m${process.pid[32m}`[0m]);
  [90m   |[0m                               [33m[1m^^^^^^^^^^^[0m
  [90m53 |[0m ...
  [90m54 |[0m ...
  [90m55 |[0m ...untimeError(error: unknown, requestPath?: string) {

Ecmascript file had an error

Import trace:
  Edge Instrumentation:
    ./lib/server/runtime-logger.ts
    ./instrumentation.ts


2026-09-14T11:27:14.646Z [WARN] [33m[1m⚠[22m[39m ./lib/server/paths.ts:1:1
[1m[33mWarning[39m: A Node.js module is loaded ('node:fs' at line 1) which is not supported in the Edge Runtime.
    Learn More: https://nextjs.org/docs/messages/node-module-in-edge-runtime[22m
[33m[1m>[0m [90m1 |[0m [36mimport[0m fs [36mfrom[0m [32m"node:fs"[0m;
  [90m  |[0m [33m[1m^^^^^^^^^^^^^^^^^^^^^^^^^[0m
  [90m2 |[0m [36mimport[0m path [36mfrom[0m [32m"node:path"[0m;
  [90m3 |[0m
  [90m4 |[0m /**

Ecmascript file had an error

Import trace:
  Edge Instrumentation:
    ./lib/server/paths.ts
    ./lib/server/runtime-logger.ts
    ./instrumentation.ts


2026-09-14T11:27:14.655Z [WARN] [33m[1m⚠[22m[39m ./lib/server/runtime-logger.ts:1:1
[1m[33mWarning[39m: A Node.js module is loaded ('node:fs' at line 1) which is not supported in the Edge Runtime.
    Learn More: https://nextjs.org/docs/messages/node-module-in-edge-runtime[22m
[33m[1m>[0m [90m1 |[0m [36mimport[0m fs [36mfrom[0m [32m"node:fs"[0m;
  [90m  |[0m [33m[1m^^^^^^^^^^^^^^^^^^^^^^^^^[0m
  [90m2 |[0m [36mimport[0m path [36mfrom[0m [32m"node:path"[0m;
  [90m3 |[0m [36mimport[0m { [33mDATA_DIR[0m } [36mfrom[0m [32m"./paths"[0m;
  [90m4 |[0m

Ecmascript file had an error

Import trace:
  Edge Instrumentation:
    ./lib/server/runtime-logger.ts
    ./instrumentation.ts


2026-09-14T11:27:14.663Z [WARN] [33m[1m⚠[22m[39m ./lib/server/paths.ts:2:1
[1m[33mWarning[39m: A Node.js module is loaded ('node:path' at line 2) which is not supported in the Edge Runtime.
    Learn More: https://nextjs.org/docs/messages/node-module-in-edge-runtime[22m
  [90m1 |[0m [36mimport[0m fs [36mfrom[0m [32m"node:fs"[0m;
[33m[1m>[0m [90m2 |[0m [36mimport[0m path [36mfrom[0m [32m"node:path"[0m;
  [90m  |[0m [33m[1m^^^^^^^^^^^^^^^^^^^^^^^^^^^^^[0m
  [90m3 |[0m
  [90m4 |[0m /**
  [90m5 |[0m  * 数据目录（便于 [33mDocker[0m 映射）。

Ecmascript file had an error

Import trace:
  Edge Instrumentation:
    ./lib/server/paths.ts
    ./lib/server/runtime-logger.ts
    ./instrumentation.ts


2026-09-14T11:27:14.674Z [WARN] [33m[1m⚠[22m[39m ./lib/server/runtime-logger.ts:2:1
[1m[33mWarning[39m: A Node.js module is loaded ('node:path' at line 2) which is not supported in the Edge Runtime.
    Learn More: https://nextjs.org/docs/messages/node-module-in-edge-runtime[22m
  [90m1 |[0m [36mimport[0m fs [36mfrom[0m [32m"node:fs"[0m;
[33m[1m>[0m [90m2 |[0m [36mimport[0m path [36mfrom[0m [32m"node:path"[0m;
  [90m  |[0m [33m[1m^^^^^^^^^^^^^^^^^^^^^^^^^^^^^[0m
  [90m3 |[0m [36mimport[0m { [33mDATA_DIR[0m } [36mfrom[0m [32m"./paths"[0m;
  [90m4 |[0m
  [90m5 |[0m [36mconst[0m [33mLOG_DIR[0m = path.join([33mDATA_DIR[0m, [32m"logs"[0m);

Ecmascript file had an error

Import trace:
  Edge Instrumentation:
    ./lib/server/runtime-logger.ts
    ./instrumentation.ts


2026-09-14T12:21:48.012Z [WARN] [33m[1m⚠[22m[39m ./lib/server/paths.ts:10:14
[1m[33mWarning[39m: A Node.js API is used (process.cwd at line: 10) which is not supported in the Edge Runtime.
    Learn more: https://nextjs.org/docs/api-reference/edge-runtime[22m
  [90m 8 |[0m [36mexport[0m [36mconst[0m [33mDATA_DIR[0m = process.env.[33mDATA_DIR[0m
  [90m 9 |[0m 	? path.resolve(process.env.[33mDATA_DIR[0m)
[33m[1m>[0m [90m10 |[0m 	: path.join(process.cwd(), [32m"data"[0m);
  [90m   |[0m             [33m[1m^^^^^^^^^^^[0m
  [90m11 |[0m
  [90m12 |[0m [36mconst[0m [33mSTRUCTURED_FILE_EXTENSIONS[0m = [[32m".yaml"[0m, [32m".yml"[0m, [32m".json"[0m] [36mas[0m [36mco...[0m
  [90m13 |[0m

Ecmascript file had an error

Import trace:
  Edge Instrumentation:
    ./lib/server/paths.ts
    ./lib/server/runtime-logger.ts
    ./instrumentation.ts


2026-09-14T12:21:48.036Z [WARN] [33m[1m⚠[22m[39m ./lib/server/runtime-logger.ts:52:50
[1m[33mWarning[39m: A Node.js API is used (process.pid at line: 52) which is not supported in the Edge Runtime.
    Learn more: https://nextjs.org/docs/api-reference/edge-runtime[22m
  [90m50 |[0m ...ues);
  [90m51 |[0m ...
[33m[1m>[0m [90m52 |[0m ...[32mer logger started"[0m, [32m`pid=[0m${process.pid[32m}`[0m]);
  [90m   |[0m                               [33m[1m^^^^^^^^^^^[0m
  [90m53 |[0m ...
  [90m54 |[0m ...
  [90m55 |[0m ...untimeError(error: unknown, requestPath?: string) {

Ecmascript file had an error

Import trace:
  Edge Instrumentation:
    ./lib/server/runtime-logger.ts
    ./instrumentation.ts


2026-09-14T12:21:48.050Z [WARN] [33m[1m⚠[22m[39m ./lib/server/paths.ts:1:1
[1m[33mWarning[39m: A Node.js module is loaded ('node:fs' at line 1) which is not supported in the Edge Runtime.
    Learn More: https://nextjs.org/docs/messages/node-module-in-edge-runtime[22m
[33m[1m>[0m [90m1 |[0m [36mimport[0m fs [36mfrom[0m [32m"node:fs"[0m;
  [90m  |[0m [33m[1m^^^^^^^^^^^^^^^^^^^^^^^^^[0m
  [90m2 |[0m [36mimport[0m path [36mfrom[0m [32m"node:path"[0m;
  [90m3 |[0m
  [90m4 |[0m /**

Ecmascript file had an error

Import trace:
  Edge Instrumentation:
    ./lib/server/paths.ts
    ./lib/server/runtime-logger.ts
    ./instrumentation.ts


2026-09-14T12:21:48.065Z [WARN] [33m[1m⚠[22m[39m ./lib/server/runtime-logger.ts:1:1
[1m[33mWarning[39m: A Node.js module is loaded ('node:fs' at line 1) which is not supported in the Edge Runtime.
    Learn More: https://nextjs.org/docs/messages/node-module-in-edge-runtime[22m
[33m[1m>[0m [90m1 |[0m [36mimport[0m fs [36mfrom[0m [32m"node:fs"[0m;
  [90m  |[0m [33m[1m^^^^^^^^^^^^^^^^^^^^^^^^^[0m
  [90m2 |[0m [36mimport[0m path [36mfrom[0m [32m"node:path"[0m;
  [90m3 |[0m [36mimport[0m { [33mDATA_DIR[0m } [36mfrom[0m [32m"./paths"[0m;
  [90m4 |[0m

Ecmascript file had an error

Import trace:
  Edge Instrumentation:
    ./lib/server/runtime-logger.ts
    ./instrumentation.ts


2026-09-14T12:21:48.081Z [WARN] [33m[1m⚠[22m[39m ./lib/server/paths.ts:2:1
[1m[33mWarning[39m: A Node.js module is loaded ('node:path' at line 2) which is not supported in the Edge Runtime.
    Learn More: https://nextjs.org/docs/messages/node-module-in-edge-runtime[22m
  [90m1 |[0m [36mimport[0m fs [36mfrom[0m [32m"node:fs"[0m;
[33m[1m>[0m [90m2 |[0m [36mimport[0m path [36mfrom[0m [32m"node:path"[0m;
  [90m  |[0m [33m[1m^^^^^^^^^^^^^^^^^^^^^^^^^^^^^[0m
  [90m3 |[0m
  [90m4 |[0m /**
  [90m5 |[0m  * 数据目录（便于 [33mDocker[0m 映射）。

Ecmascript file had an error

Import trace:
  Edge Instrumentation:
    ./lib/server/paths.ts
    ./lib/server/runtime-logger.ts
    ./instrumentation.ts


2026-09-14T12:21:48.103Z [WARN] [33m[1m⚠[22m[39m ./lib/server/runtime-logger.ts:2:1
[1m[33mWarning[39m: A Node.js module is loaded ('node:path' at line 2) which is not supported in the Edge Runtime.
    Learn More: https://nextjs.org/docs/messages/node-module-in-edge-runtime[22m
  [90m1 |[0m [36mimport[0m fs [36mfrom[0m [32m"node:fs"[0m;
[33m[1m>[0m [90m2 |[0m [36mimport[0m path [36mfrom[0m [32m"node:path"[0m;
  [90m  |[0m [33m[1m^^^^^^^^^^^^^^^^^^^^^^^^^^^^^[0m
  [90m3 |[0m [36mimport[0m { [33mDATA_DIR[0m } [36mfrom[0m [32m"./paths"[0m;
  [90m4 |[0m
  [90m5 |[0m [36mconst[0m [33mLOG_DIR[0m = path.join([33mDATA_DIR[0m, [32m"logs"[0m);

Ecmascript file had an error

Import trace:
  Edge Instrumentation:
    ./lib/server/runtime-logger.ts
    ./instrumentation.ts


2026-09-14T12:30:18.264Z [WARN] [33m[1m⚠[22m[39m ./lib/server/paths.ts:10:14
[1m[33mWarning[39m: A Node.js API is used (process.cwd at line: 10) which is not supported in the Edge Runtime.
    Learn more: https://nextjs.org/docs/api-reference/edge-runtime[22m
  [90m 8 |[0m [36mexport[0m [36mconst[0m [33mDATA_DIR[0m = process.env.[33mDATA_DIR[0m
  [90m 9 |[0m 	? path.resolve(process.env.[33mDATA_DIR[0m)
[33m[1m>[0m [90m10 |[0m 	: path.join(process.cwd(), [32m"data"[0m);
  [90m   |[0m             [33m[1m^^^^^^^^^^^[0m
  [90m11 |[0m
  [90m12 |[0m [36mconst[0m [33mSTRUCTURED_FILE_EXTENSIONS[0m = [[32m".yaml"[0m, [32m".yml"[0m, [32m".json"[0m] [36mas[0m [36mco...[0m
  [90m13 |[0m

Ecmascript file had an error

Import trace:
  Edge Instrumentation:
    ./lib/server/paths.ts
    ./lib/server/runtime-logger.ts
    ./instrumentation.ts


2026-09-14T12:30:18.271Z [WARN] [33m[1m⚠[22m[39m ./lib/server/runtime-logger.ts:52:50
[1m[33mWarning[39m: A Node.js API is used (process.pid at line: 52) which is not supported in the Edge Runtime.
    Learn more: https://nextjs.org/docs/api-reference/edge-runtime[22m
  [90m50 |[0m ...ues);
  [90m51 |[0m ...
[33m[1m>[0m [90m52 |[0m ...[32mer logger started"[0m, [32m`pid=[0m${process.pid[32m}`[0m]);
  [90m   |[0m                               [33m[1m^^^^^^^^^^^[0m
  [90m53 |[0m ...
  [90m54 |[0m ...
  [90m55 |[0m ...untimeError(error: unknown, requestPath?: string) {

Ecmascript file had an error

Import trace:
  Edge Instrumentation:
    ./lib/server/runtime-logger.ts
    ./instrumentation.ts


2026-09-14T12:30:18.277Z [WARN] [33m[1m⚠[22m[39m ./lib/server/paths.ts:1:1
[1m[33mWarning[39m: A Node.js module is loaded ('node:fs' at line 1) which is not supported in the Edge Runtime.
    Learn More: https://nextjs.org/docs/messages/node-module-in-edge-runtime[22m
[33m[1m>[0m [90m1 |[0m [36mimport[0m fs [36mfrom[0m [32m"node:fs"[0m;
  [90m  |[0m [33m[1m^^^^^^^^^^^^^^^^^^^^^^^^^[0m
  [90m2 |[0m [36mimport[0m path [36mfrom[0m [32m"node:path"[0m;
  [90m3 |[0m
  [90m4 |[0m /**

Ecmascript file had an error

Import trace:
  Edge Instrumentation:
    ./lib/server/paths.ts
    ./lib/server/runtime-logger.ts
    ./instrumentation.ts


2026-09-14T12:30:18.283Z [WARN] [33m[1m⚠[22m[39m ./lib/server/runtime-logger.ts:1:1
[1m[33mWarning[39m: A Node.js module is loaded ('node:fs' at line 1) which is not supported in the Edge Runtime.
    Learn More: https://nextjs.org/docs/messages/node-module-in-edge-runtime[22m
[33m[1m>[0m [90m1 |[0m [36mimport[0m fs [36mfrom[0m [32m"node:fs"[0m;
  [90m  |[0m [33m[1m^^^^^^^^^^^^^^^^^^^^^^^^^[0m
  [90m2 |[0m [36mimport[0m path [36mfrom[0m [32m"node:path"[0m;
  [90m3 |[0m [36mimport[0m { [33mDATA_DIR[0m } [36mfrom[0m [32m"./paths"[0m;
  [90m4 |[0m

Ecmascript file had an error

Import trace:
  Edge Instrumentation:
    ./lib/server/runtime-logger.ts
    ./instrumentation.ts


2026-09-14T12:30:18.292Z [WARN] [33m[1m⚠[22m[39m ./lib/server/paths.ts:2:1
[1m[33mWarning[39m: A Node.js module is loaded ('node:path' at line 2) which is not supported in the Edge Runtime.
    Learn More: https://nextjs.org/docs/messages/node-module-in-edge-runtime[22m
  [90m1 |[0m [36mimport[0m fs [36mfrom[0m [32m"node:fs"[0m;
[33m[1m>[0m [90m2 |[0m [36mimport[0m path [36mfrom[0m [32m"node:path"[0m;
  [90m  |[0m [33m[1m^^^^^^^^^^^^^^^^^^^^^^^^^^^^^[0m
  [90m3 |[0m
  [90m4 |[0m /**
  [90m5 |[0m  * 数据目录（便于 [33mDocker[0m 映射）。

Ecmascript file had an error

Import trace:
  Edge Instrumentation:
    ./lib/server/paths.ts
    ./lib/server/runtime-logger.ts
    ./instrumentation.ts


2026-09-14T12:30:18.298Z [WARN] [33m[1m⚠[22m[39m ./lib/server/runtime-logger.ts:2:1
[1m[33mWarning[39m: A Node.js module is loaded ('node:path' at line 2) which is not supported in the Edge Runtime.
    Learn More: https://nextjs.org/docs/messages/node-module-in-edge-runtime[22m
  [90m1 |[0m [36mimport[0m fs [36mfrom[0m [32m"node:fs"[0m;
[33m[1m>[0m [90m2 |[0m [36mimport[0m path [36mfrom[0m [32m"node:path"[0m;
  [90m  |[0m [33m[1m^^^^^^^^^^^^^^^^^^^^^^^^^^^^^[0m
  [90m3 |[0m [36mimport[0m { [33mDATA_DIR[0m } [36mfrom[0m [32m"./paths"[0m;
  [90m4 |[0m
  [90m5 |[0m [36mconst[0m [33mLOG_DIR[0m = path.join([33mDATA_DIR[0m, [32m"logs"[0m);

Ecmascript file had an error

Import trace:
  Edge Instrumentation:
    ./lib/server/runtime-logger.ts
    ./instrumentation.ts


2026-09-14T12:30:19.820Z [WARN] [33m[1m⚠[22m[39m ./lib/server/paths.ts:10:14
[1m[33mWarning[39m: A Node.js API is used (process.cwd at line: 10) which is not supported in the Edge Runtime.
    Learn more: https://nextjs.org/docs/api-reference/edge-runtime[22m
  [90m 8 |[0m [36mexport[0m [36mconst[0m [33mDATA_DIR[0m = process.env.[33mDATA_DIR[0m
  [90m 9 |[0m 	? path.resolve(process.env.[33mDATA_DIR[0m)
[33m[1m>[0m [90m10 |[0m 	: path.join(process.cwd(), [32m"data"[0m);
  [90m   |[0m             [33m[1m^^^^^^^^^^^[0m
  [90m11 |[0m
  [90m12 |[0m [36mconst[0m [33mSTRUCTURED_FILE_EXTENSIONS[0m = [[32m".yaml"[0m, [32m".yml"[0m, [32m".json"[0m] [36mas[0m [36mco...[0m
  [90m13 |[0m

Ecmascript file had an error

Import trace:
  Edge Instrumentation:
    ./lib/server/paths.ts
    ./lib/server/runtime-logger.ts
    ./instrumentation.ts


2026-09-14T12:30:19.829Z [WARN] [33m[1m⚠[22m[39m ./lib/server/runtime-logger.ts:52:50
[1m[33mWarning[39m: A Node.js API is used (process.pid at line: 52) which is not supported in the Edge Runtime.
    Learn more: https://nextjs.org/docs/api-reference/edge-runtime[22m
  [90m50 |[0m ...ues);
  [90m51 |[0m ...
[33m[1m>[0m [90m52 |[0m ...[32mer logger started"[0m, [32m`pid=[0m${process.pid[32m}`[0m]);
  [90m   |[0m                               [33m[1m^^^^^^^^^^^[0m
  [90m53 |[0m ...
  [90m54 |[0m ...
  [90m55 |[0m ...untimeError(error: unknown, requestPath?: string) {

Ecmascript file had an error

Import trace:
  Edge Instrumentation:
    ./lib/server/runtime-logger.ts
    ./instrumentation.ts


2026-09-14T12:30:19.837Z [WARN] [33m[1m⚠[22m[39m ./lib/server/paths.ts:1:1
[1m[33mWarning[39m: A Node.js module is loaded ('node:fs' at line 1) which is not supported in the Edge Runtime.
    Learn More: https://nextjs.org/docs/messages/node-module-in-edge-runtime[22m
[33m[1m>[0m [90m1 |[0m [36mimport[0m fs [36mfrom[0m [32m"node:fs"[0m;
  [90m  |[0m [33m[1m^^^^^^^^^^^^^^^^^^^^^^^^^[0m
  [90m2 |[0m [36mimport[0m path [36mfrom[0m [32m"node:path"[0m;
  [90m3 |[0m
  [90m4 |[0m /**

Ecmascript file had an error

Import trace:
  Edge Instrumentation:
    ./lib/server/paths.ts
    ./lib/server/runtime-logger.ts
    ./instrumentation.ts


2026-09-14T12:30:19.850Z [WARN] [33m[1m⚠[22m[39m ./lib/server/runtime-logger.ts:1:1
[1m[33mWarning[39m: A Node.js module is loaded ('node:fs' at line 1) which is not supported in the Edge Runtime.
    Learn More: https://nextjs.org/docs/messages/node-module-in-edge-runtime[22m
[33m[1m>[0m [90m1 |[0m [36mimport[0m fs [36mfrom[0m [32m"node:fs"[0m;
  [90m  |[0m [33m[1m^^^^^^^^^^^^^^^^^^^^^^^^^[0m
  [90m2 |[0m [36mimport[0m path [36mfrom[0m [32m"node:path"[0m;
  [90m3 |[0m [36mimport[0m { [33mDATA_DIR[0m } [36mfrom[0m [32m"./paths"[0m;
  [90m4 |[0m

Ecmascript file had an error

Import trace:
  Edge Instrumentation:
    ./lib/server/runtime-logger.ts
    ./instrumentation.ts


2026-09-14T12:30:19.864Z [WARN] [33m[1m⚠[22m[39m ./lib/server/paths.ts:2:1
[1m[33mWarning[39m: A Node.js module is loaded ('node:path' at line 2) which is not supported in the Edge Runtime.
    Learn More: https://nextjs.org/docs/messages/node-module-in-edge-runtime[22m
  [90m1 |[0m [36mimport[0m fs [36mfrom[0m [32m"node:fs"[0m;
[33m[1m>[0m [90m2 |[0m [36mimport[0m path [36mfrom[0m [32m"node:path"[0m;
  [90m  |[0m [33m[1m^^^^^^^^^^^^^^^^^^^^^^^^^^^^^[0m
  [90m3 |[0m
  [90m4 |[0m /**
  [90m5 |[0m  * 数据目录（便于 [33mDocker[0m 映射）。

Ecmascript file had an error

Import trace:
  Edge Instrumentation:
    ./lib/server/paths.ts
    ./lib/server/runtime-logger.ts
    ./instrumentation.ts


2026-09-14T12:30:19.876Z [WARN] [33m[1m⚠[22m[39m ./lib/server/runtime-logger.ts:2:1
[1m[33mWarning[39m: A Node.js module is loaded ('node:path' at line 2) which is not supported in the Edge Runtime.
    Learn More: https://nextjs.org/docs/messages/node-module-in-edge-runtime[22m
  [90m1 |[0m [36mimport[0m fs [36mfrom[0m [32m"node:fs"[0m;
[33m[1m>[0m [90m2 |[0m [36mimport[0m path [36mfrom[0m [32m"node:path"[0m;
  [90m  |[0m [33m[1m^^^^^^^^^^^^^^^^^^^^^^^^^^^^^[0m
  [90m3 |[0m [36mimport[0m { [33mDATA_DIR[0m } [36mfrom[0m [32m"./paths"[0m;
  [90m4 |[0m
  [90m5 |[0m [36mconst[0m [33mLOG_DIR[0m = path.join([33mDATA_DIR[0m, [32m"logs"[0m);

Ecmascript file had an error

Import trace:
  Edge Instrumentation:
    ./lib/server/runtime-logger.ts
    ./instrumentation.ts


2026-09-14T12:30:34.875Z [WARN] [33m[1m⚠[22m[39m ./lib/server/paths.ts:10:14
[1m[33mWarning[39m: A Node.js API is used (process.cwd at line: 10) which is not supported in the Edge Runtime.
    Learn more: https://nextjs.org/docs/api-reference/edge-runtime[22m
  [90m 8 |[0m [36mexport[0m [36mconst[0m [33mDATA_DIR[0m = process.env.[33mDATA_DIR[0m
  [90m 9 |[0m 	? path.resolve(process.env.[33mDATA_DIR[0m)
[33m[1m>[0m [90m10 |[0m 	: path.join(process.cwd(), [32m"data"[0m);
  [90m   |[0m             [33m[1m^^^^^^^^^^^[0m
  [90m11 |[0m
  [90m12 |[0m [36mconst[0m [33mSTRUCTURED_FILE_EXTENSIONS[0m = [[32m".yaml"[0m, [32m".yml"[0m, [32m".json"[0m] [36mas[0m [36mco...[0m
  [90m13 |[0m

Ecmascript file had an error

Import trace:
  Edge Instrumentation:
    ./lib/server/paths.ts
    ./lib/server/runtime-logger.ts
    ./instrumentation.ts


2026-09-14T12:30:34.887Z [WARN] [33m[1m⚠[22m[39m ./lib/server/runtime-logger.ts:52:50
[1m[33mWarning[39m: A Node.js API is used (process.pid at line: 52) which is not supported in the Edge Runtime.
    Learn more: https://nextjs.org/docs/api-reference/edge-runtime[22m
  [90m50 |[0m ...ues);
  [90m51 |[0m ...
[33m[1m>[0m [90m52 |[0m ...[32mer logger started"[0m, [32m`pid=[0m${process.pid[32m}`[0m]);
  [90m   |[0m                               [33m[1m^^^^^^^^^^^[0m
  [90m53 |[0m ...
  [90m54 |[0m ...
  [90m55 |[0m ...untimeError(error: unknown, requestPath?: string) {

Ecmascript file had an error

Import trace:
  Edge Instrumentation:
    ./lib/server/runtime-logger.ts
    ./instrumentation.ts


2026-09-14T12:30:34.911Z [WARN] [33m[1m⚠[22m[39m ./lib/server/paths.ts:1:1
[1m[33mWarning[39m: A Node.js module is loaded ('node:fs' at line 1) which is not supported in the Edge Runtime.
    Learn More: https://nextjs.org/docs/messages/node-module-in-edge-runtime[22m
[33m[1m>[0m [90m1 |[0m [36mimport[0m fs [36mfrom[0m [32m"node:fs"[0m;
  [90m  |[0m [33m[1m^^^^^^^^^^^^^^^^^^^^^^^^^[0m
  [90m2 |[0m [36mimport[0m path [36mfrom[0m [32m"node:path"[0m;
  [90m3 |[0m
  [90m4 |[0m /**

Ecmascript file had an error

Import trace:
  Edge Instrumentation:
    ./lib/server/paths.ts
    ./lib/server/runtime-logger.ts
    ./instrumentation.ts


2026-09-14T12:30:34.926Z [WARN] [33m[1m⚠[22m[39m ./lib/server/runtime-logger.ts:1:1
[1m[33mWarning[39m: A Node.js module is loaded ('node:fs' at line 1) which is not supported in the Edge Runtime.
    Learn More: https://nextjs.org/docs/messages/node-module-in-edge-runtime[22m
[33m[1m>[0m [90m1 |[0m [36mimport[0m fs [36mfrom[0m [32m"node:fs"[0m;
  [90m  |[0m [33m[1m^^^^^^^^^^^^^^^^^^^^^^^^^[0m
  [90m2 |[0m [36mimport[0m path [36mfrom[0m [32m"node:path"[0m;
  [90m3 |[0m [36mimport[0m { [33mDATA_DIR[0m } [36mfrom[0m [32m"./paths"[0m;
  [90m4 |[0m

Ecmascript file had an error

Import trace:
  Edge Instrumentation:
    ./lib/server/runtime-logger.ts
    ./instrumentation.ts


2026-09-14T12:30:34.940Z [WARN] [33m[1m⚠[22m[39m ./lib/server/paths.ts:2:1
[1m[33mWarning[39m: A Node.js module is loaded ('node:path' at line 2) which is not supported in the Edge Runtime.
    Learn More: https://nextjs.org/docs/messages/node-module-in-edge-runtime[22m
  [90m1 |[0m [36mimport[0m fs [36mfrom[0m [32m"node:fs"[0m;
[33m[1m>[0m [90m2 |[0m [36mimport[0m path [36mfrom[0m [32m"node:path"[0m;
  [90m  |[0m [33m[1m^^^^^^^^^^^^^^^^^^^^^^^^^^^^^[0m
  [90m3 |[0m
  [90m4 |[0m /**
  [90m5 |[0m  * 数据目录（便于 [33mDocker[0m 映射）。

Ecmascript file had an error

Import trace:
  Edge Instrumentation:
    ./lib/server/paths.ts
    ./lib/server/runtime-logger.ts
    ./instrumentation.ts


2026-09-14T12:30:34.955Z [WARN] [33m[1m⚠[22m[39m ./lib/server/runtime-logger.ts:2:1
[1m[33mWarning[39m: A Node.js module is loaded ('node:path' at line 2) which is not supported in the Edge Runtime.
    Learn More: https://nextjs.org/docs/messages/node-module-in-edge-runtime[22m
  [90m1 |[0m [36mimport[0m fs [36mfrom[0m [32m"node:fs"[0m;
[33m[1m>[0m [90m2 |[0m [36mimport[0m path [36mfrom[0m [32m"node:path"[0m;
  [90m  |[0m [33m[1m^^^^^^^^^^^^^^^^^^^^^^^^^^^^^[0m
  [90m3 |[0m [36mimport[0m { [33mDATA_DIR[0m } [36mfrom[0m [32m"./paths"[0m;
  [90m4 |[0m
  [90m5 |[0m [36mconst[0m [33mLOG_DIR[0m = path.join([33mDATA_DIR[0m, [32m"logs"[0m);

Ecmascript file had an error

Import trace:
  Edge Instrumentation:
    ./lib/server/runtime-logger.ts
    ./instrumentation.ts


2026-09-14T12:30:42.234Z [WARN] [33m[1m⚠[22m[39m ./lib/server/paths.ts:10:14
[1m[33mWarning[39m: A Node.js API is used (process.cwd at line: 10) which is not supported in the Edge Runtime.
    Learn more: https://nextjs.org/docs/api-reference/edge-runtime[22m
  [90m 8 |[0m [36mexport[0m [36mconst[0m [33mDATA_DIR[0m = process.env.[33mDATA_DIR[0m
  [90m 9 |[0m 	? path.resolve(process.env.[33mDATA_DIR[0m)
[33m[1m>[0m [90m10 |[0m 	: path.join(process.cwd(), [32m"data"[0m);
  [90m   |[0m             [33m[1m^^^^^^^^^^^[0m
  [90m11 |[0m
  [90m12 |[0m [36mconst[0m [33mSTRUCTURED_FILE_EXTENSIONS[0m = [[32m".yaml"[0m, [32m".yml"[0m, [32m".json"[0m] [36mas[0m [36mco...[0m
  [90m13 |[0m

Ecmascript file had an error

Import trace:
  Edge Instrumentation:
    ./lib/server/paths.ts
    ./lib/server/runtime-logger.ts
    ./instrumentation.ts


2026-09-14T12:30:42.242Z [WARN] [33m[1m⚠[22m[39m ./lib/server/runtime-logger.ts:52:50
[1m[33mWarning[39m: A Node.js API is used (process.pid at line: 52) which is not supported in the Edge Runtime.
    Learn more: https://nextjs.org/docs/api-reference/edge-runtime[22m
  [90m50 |[0m ...ues);
  [90m51 |[0m ...
[33m[1m>[0m [90m52 |[0m ...[32mer logger started"[0m, [32m`pid=[0m${process.pid[32m}`[0m]);
  [90m   |[0m                               [33m[1m^^^^^^^^^^^[0m
  [90m53 |[0m ...
  [90m54 |[0m ...
  [90m55 |[0m ...untimeError(error: unknown, requestPath?: string) {

Ecmascript file had an error

Import trace:
  Edge Instrumentation:
    ./lib/server/runtime-logger.ts
    ./instrumentation.ts


2026-09-14T12:30:42.251Z [WARN] [33m[1m⚠[22m[39m ./lib/server/paths.ts:1:1
[1m[33mWarning[39m: A Node.js module is loaded ('node:fs' at line 1) which is not supported in the Edge Runtime.
    Learn More: https://nextjs.org/docs/messages/node-module-in-edge-runtime[22m
[33m[1m>[0m [90m1 |[0m [36mimport[0m fs [36mfrom[0m [32m"node:fs"[0m;
  [90m  |[0m [33m[1m^^^^^^^^^^^^^^^^^^^^^^^^^[0m
  [90m2 |[0m [36mimport[0m path [36mfrom[0m [32m"node:path"[0m;
  [90m3 |[0m
  [90m4 |[0m /**

Ecmascript file had an error

Import trace:
  Edge Instrumentation:
    ./lib/server/paths.ts
    ./lib/server/runtime-logger.ts
    ./instrumentation.ts


2026-09-14T12:30:42.259Z [WARN] [33m[1m⚠[22m[39m ./lib/server/runtime-logger.ts:1:1
[1m[33mWarning[39m: A Node.js module is loaded ('node:fs' at line 1) which is not supported in the Edge Runtime.
    Learn More: https://nextjs.org/docs/messages/node-module-in-edge-runtime[22m
[33m[1m>[0m [90m1 |[0m [36mimport[0m fs [36mfrom[0m [32m"node:fs"[0m;
  [90m  |[0m [33m[1m^^^^^^^^^^^^^^^^^^^^^^^^^[0m
  [90m2 |[0m [36mimport[0m path [36mfrom[0m [32m"node:path"[0m;
  [90m3 |[0m [36mimport[0m { [33mDATA_DIR[0m } [36mfrom[0m [32m"./paths"[0m;
  [90m4 |[0m

Ecmascript file had an error

Import trace:
  Edge Instrumentation:
    ./lib/server/runtime-logger.ts
    ./instrumentation.ts


2026-09-14T12:30:42.267Z [WARN] [33m[1m⚠[22m[39m ./lib/server/paths.ts:2:1
[1m[33mWarning[39m: A Node.js module is loaded ('node:path' at line 2) which is not supported in the Edge Runtime.
    Learn More: https://nextjs.org/docs/messages/node-module-in-edge-runtime[22m
  [90m1 |[0m [36mimport[0m fs [36mfrom[0m [32m"node:fs"[0m;
[33m[1m>[0m [90m2 |[0m [36mimport[0m path [36mfrom[0m [32m"node:path"[0m;
  [90m  |[0m [33m[1m^^^^^^^^^^^^^^^^^^^^^^^^^^^^^[0m
  [90m3 |[0m
  [90m4 |[0m /**
  [90m5 |[0m  * 数据目录（便于 [33mDocker[0m 映射）。

Ecmascript file had an error

Import trace:
  Edge Instrumentation:
    ./lib/server/paths.ts
    ./lib/server/runtime-logger.ts
    ./instrumentation.ts


2026-09-14T12:30:42.277Z [WARN] [33m[1m⚠[22m[39m ./lib/server/runtime-logger.ts:2:1
[1m[33mWarning[39m: A Node.js module is loaded ('node:path' at line 2) which is not supported in the Edge Runtime.
    Learn More: https://nextjs.org/docs/messages/node-module-in-edge-runtime[22m
  [90m1 |[0m [36mimport[0m fs [36mfrom[0m [32m"node:fs"[0m;
[33m[1m>[0m [90m2 |[0m [36mimport[0m path [36mfrom[0m [32m"node:path"[0m;
  [90m  |[0m [33m[1m^^^^^^^^^^^^^^^^^^^^^^^^^^^^^[0m
  [90m3 |[0m [36mimport[0m { [33mDATA_DIR[0m } [36mfrom[0m [32m"./paths"[0m;
  [90m4 |[0m
  [90m5 |[0m [36mconst[0m [33mLOG_DIR[0m = path.join([33mDATA_DIR[0m, [32m"logs"[0m);

Ecmascript file had an error

Import trace:
  Edge Instrumentation:
    ./lib/server/runtime-logger.ts
    ./instrumentation.ts


2026-09-14T12:30:50.709Z [WARN] [33m[1m⚠[22m[39m ./lib/server/paths.ts:10:14
[1m[33mWarning[39m: A Node.js API is used (process.cwd at line: 10) which is not supported in the Edge Runtime.
    Learn more: https://nextjs.org/docs/api-reference/edge-runtime[22m
  [90m 8 |[0m [36mexport[0m [36mconst[0m [33mDATA_DIR[0m = process.env.[33mDATA_DIR[0m
  [90m 9 |[0m 	? path.resolve(process.env.[33mDATA_DIR[0m)
[33m[1m>[0m [90m10 |[0m 	: path.join(process.cwd(), [32m"data"[0m);
  [90m   |[0m             [33m[1m^^^^^^^^^^^[0m
  [90m11 |[0m
  [90m12 |[0m [36mconst[0m [33mSTRUCTURED_FILE_EXTENSIONS[0m = [[32m".yaml"[0m, [32m".yml"[0m, [32m".json"[0m] [36mas[0m [36mco...[0m
  [90m13 |[0m

Ecmascript file had an error

Import trace:
  Edge Instrumentation:
    ./lib/server/paths.ts
    ./lib/server/runtime-logger.ts
    ./instrumentation.ts


2026-09-14T12:30:50.761Z [WARN] [33m[1m⚠[22m[39m ./lib/server/runtime-logger.ts:52:50
[1m[33mWarning[39m: A Node.js API is used (process.pid at line: 52) which is not supported in the Edge Runtime.
    Learn more: https://nextjs.org/docs/api-reference/edge-runtime[22m
  [90m50 |[0m ...ues);
  [90m51 |[0m ...
[33m[1m>[0m [90m52 |[0m ...[32mer logger started"[0m, [32m`pid=[0m${process.pid[32m}`[0m]);
  [90m   |[0m                               [33m[1m^^^^^^^^^^^[0m
  [90m53 |[0m ...
  [90m54 |[0m ...
  [90m55 |[0m ...untimeError(error: unknown, requestPath?: string) {

Ecmascript file had an error

Import trace:
  Edge Instrumentation:
    ./lib/server/runtime-logger.ts
    ./instrumentation.ts


2026-09-14T12:30:50.788Z [WARN] [33m[1m⚠[22m[39m ./lib/server/paths.ts:1:1
[1m[33mWarning[39m: A Node.js module is loaded ('node:fs' at line 1) which is not supported in the Edge Runtime.
    Learn More: https://nextjs.org/docs/messages/node-module-in-edge-runtime[22m
[33m[1m>[0m [90m1 |[0m [36mimport[0m fs [36mfrom[0m [32m"node:fs"[0m;
  [90m  |[0m [33m[1m^^^^^^^^^^^^^^^^^^^^^^^^^[0m
  [90m2 |[0m [36mimport[0m path [36mfrom[0m [32m"node:path"[0m;
  [90m3 |[0m
  [90m4 |[0m /**

Ecmascript file had an error

Import trace:
  Edge Instrumentation:
    ./lib/server/paths.ts
    ./lib/server/runtime-logger.ts
    ./instrumentation.ts


2026-09-14T12:30:50.843Z [WARN] [33m[1m⚠[22m[39m ./lib/server/runtime-logger.ts:1:1
[1m[33mWarning[39m: A Node.js module is loaded ('node:fs' at line 1) which is not supported in the Edge Runtime.
    Learn More: https://nextjs.org/docs/messages/node-module-in-edge-runtime[22m
[33m[1m>[0m [90m1 |[0m [36mimport[0m fs [36mfrom[0m [32m"node:fs"[0m;
  [90m  |[0m [33m[1m^^^^^^^^^^^^^^^^^^^^^^^^^[0m
  [90m2 |[0m [36mimport[0m path [36mfrom[0m [32m"node:path"[0m;
  [90m3 |[0m [36mimport[0m { [33mDATA_DIR[0m } [36mfrom[0m [32m"./paths"[0m;
  [90m4 |[0m

Ecmascript file had an error

Import trace:
  Edge Instrumentation:
    ./lib/server/runtime-logger.ts
    ./instrumentation.ts


2026-09-14T12:30:50.893Z [WARN] [33m[1m⚠[22m[39m ./lib/server/paths.ts:2:1
[1m[33mWarning[39m: A Node.js module is loaded ('node:path' at line 2) which is not supported in the Edge Runtime.
    Learn More: https://nextjs.org/docs/messages/node-module-in-edge-runtime[22m
  [90m1 |[0m [36mimport[0m fs [36mfrom[0m [32m"node:fs"[0m;
[33m[1m>[0m [90m2 |[0m [36mimport[0m path [36mfrom[0m [32m"node:path"[0m;
  [90m  |[0m [33m[1m^^^^^^^^^^^^^^^^^^^^^^^^^^^^^[0m
  [90m3 |[0m
  [90m4 |[0m /**
  [90m5 |[0m  * 数据目录（便于 [33mDocker[0m 映射）。

Ecmascript file had an error

Import trace:
  Edge Instrumentation:
    ./lib/server/paths.ts
    ./lib/server/runtime-logger.ts
    ./instrumentation.ts


2026-09-14T12:30:50.920Z [WARN] [33m[1m⚠[22m[39m ./lib/server/runtime-logger.ts:2:1
[1m[33mWarning[39m: A Node.js module is loaded ('node:path' at line 2) which is not supported in the Edge Runtime.
    Learn More: https://nextjs.org/docs/messages/node-module-in-edge-runtime[22m
  [90m1 |[0m [36mimport[0m fs [36mfrom[0m [32m"node:fs"[0m;
[33m[1m>[0m [90m2 |[0m [36mimport[0m path [36mfrom[0m [32m"node:path"[0m;
  [90m  |[0m [33m[1m^^^^^^^^^^^^^^^^^^^^^^^^^^^^^[0m
  [90m3 |[0m [36mimport[0m { [33mDATA_DIR[0m } [36mfrom[0m [32m"./paths"[0m;
  [90m4 |[0m
  [90m5 |[0m [36mconst[0m [33mLOG_DIR[0m = path.join([33mDATA_DIR[0m, [32m"logs"[0m);

Ecmascript file had an error

Import trace:
  Edge Instrumentation:
    ./lib/server/runtime-logger.ts
    ./instrumentation.ts


2026-09-14T12:30:58.314Z [WARN] [33m[1m⚠[22m[39m ./lib/server/paths.ts:10:14
[1m[33mWarning[39m: A Node.js API is used (process.cwd at line: 10) which is not supported in the Edge Runtime.
    Learn more: https://nextjs.org/docs/api-reference/edge-runtime[22m
  [90m 8 |[0m [36mexport[0m [36mconst[0m [33mDATA_DIR[0m = process.env.[33mDATA_DIR[0m
  [90m 9 |[0m 	? path.resolve(process.env.[33mDATA_DIR[0m)
[33m[1m>[0m [90m10 |[0m 	: path.join(process.cwd(), [32m"data"[0m);
  [90m   |[0m             [33m[1m^^^^^^^^^^^[0m
  [90m11 |[0m
  [90m12 |[0m [36mconst[0m [33mSTRUCTURED_FILE_EXTENSIONS[0m = [[32m".yaml"[0m, [32m".yml"[0m, [32m".json"[0m] [36mas[0m [36mco...[0m
  [90m13 |[0m

Ecmascript file had an error

Import trace:
  Edge Instrumentation:
    ./lib/server/paths.ts
    ./lib/server/runtime-logger.ts
    ./instrumentation.ts


2026-09-14T12:30:58.322Z [WARN] [33m[1m⚠[22m[39m ./lib/server/runtime-logger.ts:52:50
[1m[33mWarning[39m: A Node.js API is used (process.pid at line: 52) which is not supported in the Edge Runtime.
    Learn more: https://nextjs.org/docs/api-reference/edge-runtime[22m
  [90m50 |[0m ...ues);
  [90m51 |[0m ...
[33m[1m>[0m [90m52 |[0m ...[32mer logger started"[0m, [32m`pid=[0m${process.pid[32m}`[0m]);
  [90m   |[0m                               [33m[1m^^^^^^^^^^^[0m
  [90m53 |[0m ...
  [90m54 |[0m ...
  [90m55 |[0m ...untimeError(error: unknown, requestPath?: string) {

Ecmascript file had an error

Import trace:
  Edge Instrumentation:
    ./lib/server/runtime-logger.ts
    ./instrumentation.ts


2026-09-14T12:30:58.331Z [WARN] [33m[1m⚠[22m[39m ./lib/server/paths.ts:1:1
[1m[33mWarning[39m: A Node.js module is loaded ('node:fs' at line 1) which is not supported in the Edge Runtime.
    Learn More: https://nextjs.org/docs/messages/node-module-in-edge-runtime[22m
[33m[1m>[0m [90m1 |[0m [36mimport[0m fs [36mfrom[0m [32m"node:fs"[0m;
  [90m  |[0m [33m[1m^^^^^^^^^^^^^^^^^^^^^^^^^[0m
  [90m2 |[0m [36mimport[0m path [36mfrom[0m [32m"node:path"[0m;
  [90m3 |[0m
  [90m4 |[0m /**

Ecmascript file had an error

Import trace:
  Edge Instrumentation:
    ./lib/server/paths.ts
    ./lib/server/runtime-logger.ts
    ./instrumentation.ts


2026-09-14T12:30:58.342Z [WARN] [33m[1m⚠[22m[39m ./lib/server/runtime-logger.ts:1:1
[1m[33mWarning[39m: A Node.js module is loaded ('node:fs' at line 1) which is not supported in the Edge Runtime.
    Learn More: https://nextjs.org/docs/messages/node-module-in-edge-runtime[22m
[33m[1m>[0m [90m1 |[0m [36mimport[0m fs [36mfrom[0m [32m"node:fs"[0m;
  [90m  |[0m [33m[1m^^^^^^^^^^^^^^^^^^^^^^^^^[0m
  [90m2 |[0m [36mimport[0m path [36mfrom[0m [32m"node:path"[0m;
  [90m3 |[0m [36mimport[0m { [33mDATA_DIR[0m } [36mfrom[0m [32m"./paths"[0m;
  [90m4 |[0m

Ecmascript file had an error

Import trace:
  Edge Instrumentation:
    ./lib/server/runtime-logger.ts
    ./instrumentation.ts


2026-09-14T12:30:58.351Z [WARN] [33m[1m⚠[22m[39m ./lib/server/paths.ts:2:1
[1m[33mWarning[39m: A Node.js module is loaded ('node:path' at line 2) which is not supported in the Edge Runtime.
    Learn More: https://nextjs.org/docs/messages/node-module-in-edge-runtime[22m
  [90m1 |[0m [36mimport[0m fs [36mfrom[0m [32m"node:fs"[0m;
[33m[1m>[0m [90m2 |[0m [36mimport[0m path [36mfrom[0m [32m"node:path"[0m;
  [90m  |[0m [33m[1m^^^^^^^^^^^^^^^^^^^^^^^^^^^^^[0m
  [90m3 |[0m
  [90m4 |[0m /**
  [90m5 |[0m  * 数据目录（便于 [33mDocker[0m 映射）。

Ecmascript file had an error

Import trace:
  Edge Instrumentation:
    ./lib/server/paths.ts
    ./lib/server/runtime-logger.ts
    ./instrumentation.ts


2026-09-14T12:30:58.359Z [WARN] [33m[1m⚠[22m[39m ./lib/server/runtime-logger.ts:2:1
[1m[33mWarning[39m: A Node.js module is loaded ('node:path' at line 2) which is not supported in the Edge Runtime.
    Learn More: https://nextjs.org/docs/messages/node-module-in-edge-runtime[22m
  [90m1 |[0m [36mimport[0m fs [36mfrom[0m [32m"node:fs"[0m;
[33m[1m>[0m [90m2 |[0m [36mimport[0m path [36mfrom[0m [32m"node:path"[0m;
  [90m  |[0m [33m[1m^^^^^^^^^^^^^^^^^^^^^^^^^^^^^[0m
  [90m3 |[0m [36mimport[0m { [33mDATA_DIR[0m } [36mfrom[0m [32m"./paths"[0m;
  [90m4 |[0m
  [90m5 |[0m [36mconst[0m [33mLOG_DIR[0m = path.join([33mDATA_DIR[0m, [32m"logs"[0m);

Ecmascript file had an error

Import trace:
  Edge Instrumentation:
    ./lib/server/runtime-logger.ts
    ./instrumentation.ts


2026-09-14T12:34:24.715Z [WARN] [33m[1m⚠[22m[39m ./lib/server/paths.ts:10:14
[1m[33mWarning[39m: A Node.js API is used (process.cwd at line: 10) which is not supported in the Edge Runtime.
    Learn more: https://nextjs.org/docs/api-reference/edge-runtime[22m
  [90m 8 |[0m [36mexport[0m [36mconst[0m [33mDATA_DIR[0m = process.env.[33mDATA_DIR[0m
  [90m 9 |[0m 	? path.resolve(process.env.[33mDATA_DIR[0m)
[33m[1m>[0m [90m10 |[0m 	: path.join(process.cwd(), [32m"data"[0m);
  [90m   |[0m             [33m[1m^^^^^^^^^^^[0m
  [90m11 |[0m
  [90m12 |[0m [36mconst[0m [33mSTRUCTURED_FILE_EXTENSIONS[0m = [[32m".yaml"[0m, [32m".yml"[0m, [32m".json"[0m] [36mas[0m [36mco...[0m
  [90m13 |[0m

Ecmascript file had an error

Import trace:
  Edge Instrumentation:
    ./lib/server/paths.ts
    ./lib/server/runtime-logger.ts
    ./instrumentation.ts


2026-09-14T12:34:24.727Z [WARN] [33m[1m⚠[22m[39m ./lib/server/runtime-logger.ts:52:50
[1m[33mWarning[39m: A Node.js API is used (process.pid at line: 52) which is not supported in the Edge Runtime.
    Learn more: https://nextjs.org/docs/api-reference/edge-runtime[22m
  [90m50 |[0m ...ues);
  [90m51 |[0m ...
[33m[1m>[0m [90m52 |[0m ...[32mer logger started"[0m, [32m`pid=[0m${process.pid[32m}`[0m]);
  [90m   |[0m                               [33m[1m^^^^^^^^^^^[0m
  [90m53 |[0m ...
  [90m54 |[0m ...
  [90m55 |[0m ...untimeError(error: unknown, requestPath?: string) {

Ecmascript file had an error

Import trace:
  Edge Instrumentation:
    ./lib/server/runtime-logger.ts
    ./instrumentation.ts


2026-09-14T12:34:24.734Z [WARN] [33m[1m⚠[22m[39m ./lib/server/paths.ts:1:1
[1m[33mWarning[39m: A Node.js module is loaded ('node:fs' at line 1) which is not supported in the Edge Runtime.
    Learn More: https://nextjs.org/docs/messages/node-module-in-edge-runtime[22m
[33m[1m>[0m [90m1 |[0m [36mimport[0m fs [36mfrom[0m [32m"node:fs"[0m;
  [90m  |[0m [33m[1m^^^^^^^^^^^^^^^^^^^^^^^^^[0m
  [90m2 |[0m [36mimport[0m path [36mfrom[0m [32m"node:path"[0m;
  [90m3 |[0m
  [90m4 |[0m /**

Ecmascript file had an error

Import trace:
  Edge Instrumentation:
    ./lib/server/paths.ts
    ./lib/server/runtime-logger.ts
    ./instrumentation.ts


2026-09-14T12:34:24.743Z [WARN] [33m[1m⚠[22m[39m ./lib/server/runtime-logger.ts:1:1
[1m[33mWarning[39m: A Node.js module is loaded ('node:fs' at line 1) which is not supported in the Edge Runtime.
    Learn More: https://nextjs.org/docs/messages/node-module-in-edge-runtime[22m
[33m[1m>[0m [90m1 |[0m [36mimport[0m fs [36mfrom[0m [32m"node:fs"[0m;
  [90m  |[0m [33m[1m^^^^^^^^^^^^^^^^^^^^^^^^^[0m
  [90m2 |[0m [36mimport[0m path [36mfrom[0m [32m"node:path"[0m;
  [90m3 |[0m [36mimport[0m { [33mDATA_DIR[0m } [36mfrom[0m [32m"./paths"[0m;
  [90m4 |[0m

Ecmascript file had an error

Import trace:
  Edge Instrumentation:
    ./lib/server/runtime-logger.ts
    ./instrumentation.ts


2026-09-14T12:34:24.752Z [WARN] [33m[1m⚠[22m[39m ./lib/server/paths.ts:2:1
[1m[33mWarning[39m: A Node.js module is loaded ('node:path' at line 2) which is not supported in the Edge Runtime.
    Learn More: https://nextjs.org/docs/messages/node-module-in-edge-runtime[22m
  [90m1 |[0m [36mimport[0m fs [36mfrom[0m [32m"node:fs"[0m;
[33m[1m>[0m [90m2 |[0m [36mimport[0m path [36mfrom[0m [32m"node:path"[0m;
  [90m  |[0m [33m[1m^^^^^^^^^^^^^^^^^^^^^^^^^^^^^[0m
  [90m3 |[0m
  [90m4 |[0m /**
  [90m5 |[0m  * 数据目录（便于 [33mDocker[0m 映射）。

Ecmascript file had an error

Import trace:
  Edge Instrumentation:
    ./lib/server/paths.ts
    ./lib/server/runtime-logger.ts
    ./instrumentation.ts


2026-09-14T12:34:24.762Z [WARN] [33m[1m⚠[22m[39m ./lib/server/runtime-logger.ts:2:1
[1m[33mWarning[39m: A Node.js module is loaded ('node:path' at line 2) which is not supported in the Edge Runtime.
    Learn More: https://nextjs.org/docs/messages/node-module-in-edge-runtime[22m
  [90m1 |[0m [36mimport[0m fs [36mfrom[0m [32m"node:fs"[0m;
[33m[1m>[0m [90m2 |[0m [36mimport[0m path [36mfrom[0m [32m"node:path"[0m;
  [90m  |[0m [33m[1m^^^^^^^^^^^^^^^^^^^^^^^^^^^^^[0m
  [90m3 |[0m [36mimport[0m { [33mDATA_DIR[0m } [36mfrom[0m [32m"./paths"[0m;
  [90m4 |[0m
  [90m5 |[0m [36mconst[0m [33mLOG_DIR[0m = path.join([33mDATA_DIR[0m, [32m"logs"[0m);

Ecmascript file had an error

Import trace:
  Edge Instrumentation:
    ./lib/server/runtime-logger.ts
    ./instrumentation.ts


2026-09-14T12:47:28.072Z [WARN] [33m[1m⚠[22m[39m ./lib/server/paths.ts:10:14
[1m[33mWarning[39m: A Node.js API is used (process.cwd at line: 10) which is not supported in the Edge Runtime.
    Learn more: https://nextjs.org/docs/api-reference/edge-runtime[22m
  [90m 8 |[0m [36mexport[0m [36mconst[0m [33mDATA_DIR[0m = process.env.[33mDATA_DIR[0m
  [90m 9 |[0m 	? path.resolve(process.env.[33mDATA_DIR[0m)
[33m[1m>[0m [90m10 |[0m 	: path.join(process.cwd(), [32m"data"[0m);
  [90m   |[0m             [33m[1m^^^^^^^^^^^[0m
  [90m11 |[0m
  [90m12 |[0m [36mconst[0m [33mSTRUCTURED_FILE_EXTENSIONS[0m = [[32m".yaml"[0m, [32m".yml"[0m, [32m".json"[0m] [36mas[0m [36mco...[0m
  [90m13 |[0m

Ecmascript file had an error

Import trace:
  Edge Instrumentation:
    ./lib/server/paths.ts
    ./lib/server/runtime-logger.ts
    ./instrumentation.ts


2026-09-14T12:47:28.080Z [WARN] [33m[1m⚠[22m[39m ./lib/server/runtime-logger.ts:52:50
[1m[33mWarning[39m: A Node.js API is used (process.pid at line: 52) which is not supported in the Edge Runtime.
    Learn more: https://nextjs.org/docs/api-reference/edge-runtime[22m
  [90m50 |[0m ...ues);
  [90m51 |[0m ...
[33m[1m>[0m [90m52 |[0m ...[32mer logger started"[0m, [32m`pid=[0m${process.pid[32m}`[0m]);
  [90m   |[0m                               [33m[1m^^^^^^^^^^^[0m
  [90m53 |[0m ...
  [90m54 |[0m ...
  [90m55 |[0m ...untimeError(error: unknown, requestPath?: string) {

Ecmascript file had an error

Import trace:
  Edge Instrumentation:
    ./lib/server/runtime-logger.ts
    ./instrumentation.ts


2026-09-14T12:47:28.088Z [WARN] [33m[1m⚠[22m[39m ./lib/server/paths.ts:1:1
[1m[33mWarning[39m: A Node.js module is loaded ('node:fs' at line 1) which is not supported in the Edge Runtime.
    Learn More: https://nextjs.org/docs/messages/node-module-in-edge-runtime[22m
[33m[1m>[0m [90m1 |[0m [36mimport[0m fs [36mfrom[0m [32m"node:fs"[0m;
  [90m  |[0m [33m[1m^^^^^^^^^^^^^^^^^^^^^^^^^[0m
  [90m2 |[0m [36mimport[0m path [36mfrom[0m [32m"node:path"[0m;
  [90m3 |[0m
  [90m4 |[0m /**

Ecmascript file had an error

Import trace:
  Edge Instrumentation:
    ./lib/server/paths.ts
    ./lib/server/runtime-logger.ts
    ./instrumentation.ts


2026-09-14T12:47:28.098Z [WARN] [33m[1m⚠[22m[39m ./lib/server/runtime-logger.ts:1:1
[1m[33mWarning[39m: A Node.js module is loaded ('node:fs' at line 1) which is not supported in the Edge Runtime.
    Learn More: https://nextjs.org/docs/messages/node-module-in-edge-runtime[22m
[33m[1m>[0m [90m1 |[0m [36mimport[0m fs [36mfrom[0m [32m"node:fs"[0m;
  [90m  |[0m [33m[1m^^^^^^^^^^^^^^^^^^^^^^^^^[0m
  [90m2 |[0m [36mimport[0m path [36mfrom[0m [32m"node:path"[0m;
  [90m3 |[0m [36mimport[0m { [33mDATA_DIR[0m } [36mfrom[0m [32m"./paths"[0m;
  [90m4 |[0m

Ecmascript file had an error

Import trace:
  Edge Instrumentation:
    ./lib/server/runtime-logger.ts
    ./instrumentation.ts


2026-09-14T12:47:28.107Z [WARN] [33m[1m⚠[22m[39m ./lib/server/paths.ts:2:1
[1m[33mWarning[39m: A Node.js module is loaded ('node:path' at line 2) which is not supported in the Edge Runtime.
    Learn More: https://nextjs.org/docs/messages/node-module-in-edge-runtime[22m
  [90m1 |[0m [36mimport[0m fs [36mfrom[0m [32m"node:fs"[0m;
[33m[1m>[0m [90m2 |[0m [36mimport[0m path [36mfrom[0m [32m"node:path"[0m;
  [90m  |[0m [33m[1m^^^^^^^^^^^^^^^^^^^^^^^^^^^^^[0m
  [90m3 |[0m
  [90m4 |[0m /**
  [90m5 |[0m  * 数据目录（便于 [33mDocker[0m 映射）。

Ecmascript file had an error

Import trace:
  Edge Instrumentation:
    ./lib/server/paths.ts
    ./lib/server/runtime-logger.ts
    ./instrumentation.ts


2026-09-14T12:47:28.116Z [WARN] [33m[1m⚠[22m[39m ./lib/server/runtime-logger.ts:2:1
[1m[33mWarning[39m: A Node.js module is loaded ('node:path' at line 2) which is not supported in the Edge Runtime.
    Learn More: https://nextjs.org/docs/messages/node-module-in-edge-runtime[22m
  [90m1 |[0m [36mimport[0m fs [36mfrom[0m [32m"node:fs"[0m;
[33m[1m>[0m [90m2 |[0m [36mimport[0m path [36mfrom[0m [32m"node:path"[0m;
  [90m  |[0m [33m[1m^^^^^^^^^^^^^^^^^^^^^^^^^^^^^[0m
  [90m3 |[0m [36mimport[0m { [33mDATA_DIR[0m } [36mfrom[0m [32m"./paths"[0m;
  [90m4 |[0m
  [90m5 |[0m [36mconst[0m [33mLOG_DIR[0m = path.join([33mDATA_DIR[0m, [32m"logs"[0m);

Ecmascript file had an error

Import trace:
  Edge Instrumentation:
    ./lib/server/runtime-logger.ts
    ./instrumentation.ts


2026-09-14T12:47:32.864Z [WARN] [33m[1m⚠[22m[39m ./lib/server/paths.ts:10:14
[1m[33mWarning[39m: A Node.js API is used (process.cwd at line: 10) which is not supported in the Edge Runtime.
    Learn more: https://nextjs.org/docs/api-reference/edge-runtime[22m
  [90m 8 |[0m [36mexport[0m [36mconst[0m [33mDATA_DIR[0m = process.env.[33mDATA_DIR[0m
  [90m 9 |[0m 	? path.resolve(process.env.[33mDATA_DIR[0m)
[33m[1m>[0m [90m10 |[0m 	: path.join(process.cwd(), [32m"data"[0m);
  [90m   |[0m             [33m[1m^^^^^^^^^^^[0m
  [90m11 |[0m
  [90m12 |[0m [36mconst[0m [33mSTRUCTURED_FILE_EXTENSIONS[0m = [[32m".yaml"[0m, [32m".yml"[0m, [32m".json"[0m] [36mas[0m [36mco...[0m
  [90m13 |[0m

Ecmascript file had an error

Import trace:
  Edge Instrumentation:
    ./lib/server/paths.ts
    ./lib/server/runtime-logger.ts
    ./instrumentation.ts


2026-09-14T12:47:32.868Z [WARN] [33m[1m⚠[22m[39m ./lib/server/runtime-logger.ts:52:50
[1m[33mWarning[39m: A Node.js API is used (process.pid at line: 52) which is not supported in the Edge Runtime.
    Learn more: https://nextjs.org/docs/api-reference/edge-runtime[22m
  [90m50 |[0m ...ues);
  [90m51 |[0m ...
[33m[1m>[0m [90m52 |[0m ...[32mer logger started"[0m, [32m`pid=[0m${process.pid[32m}`[0m]);
  [90m   |[0m                               [33m[1m^^^^^^^^^^^[0m
  [90m53 |[0m ...
  [90m54 |[0m ...
  [90m55 |[0m ...untimeError(error: unknown, requestPath?: string) {

Ecmascript file had an error

Import trace:
  Edge Instrumentation:
    ./lib/server/runtime-logger.ts
    ./instrumentation.ts


2026-09-14T12:47:32.873Z [WARN] [33m[1m⚠[22m[39m ./lib/server/paths.ts:1:1
[1m[33mWarning[39m: A Node.js module is loaded ('node:fs' at line 1) which is not supported in the Edge Runtime.
    Learn More: https://nextjs.org/docs/messages/node-module-in-edge-runtime[22m
[33m[1m>[0m [90m1 |[0m [36mimport[0m fs [36mfrom[0m [32m"node:fs"[0m;
  [90m  |[0m [33m[1m^^^^^^^^^^^^^^^^^^^^^^^^^[0m
  [90m2 |[0m [36mimport[0m path [36mfrom[0m [32m"node:path"[0m;
  [90m3 |[0m
  [90m4 |[0m /**

Ecmascript file had an error

Import trace:
  Edge Instrumentation:
    ./lib/server/paths.ts
    ./lib/server/runtime-logger.ts
    ./instrumentation.ts


2026-09-14T12:47:32.882Z [WARN] [33m[1m⚠[22m[39m ./lib/server/runtime-logger.ts:1:1
[1m[33mWarning[39m: A Node.js module is loaded ('node:fs' at line 1) which is not supported in the Edge Runtime.
    Learn More: https://nextjs.org/docs/messages/node-module-in-edge-runtime[22m
[33m[1m>[0m [90m1 |[0m [36mimport[0m fs [36mfrom[0m [32m"node:fs"[0m;
  [90m  |[0m [33m[1m^^^^^^^^^^^^^^^^^^^^^^^^^[0m
  [90m2 |[0m [36mimport[0m path [36mfrom[0m [32m"node:path"[0m;
  [90m3 |[0m [36mimport[0m { [33mDATA_DIR[0m } [36mfrom[0m [32m"./paths"[0m;
  [90m4 |[0m

Ecmascript file had an error

Import trace:
  Edge Instrumentation:
    ./lib/server/runtime-logger.ts
    ./instrumentation.ts


2026-09-14T12:47:32.893Z [WARN] [33m[1m⚠[22m[39m ./lib/server/paths.ts:2:1
[1m[33mWarning[39m: A Node.js module is loaded ('node:path' at line 2) which is not supported in the Edge Runtime.
    Learn More: https://nextjs.org/docs/messages/node-module-in-edge-runtime[22m
  [90m1 |[0m [36mimport[0m fs [36mfrom[0m [32m"node:fs"[0m;
[33m[1m>[0m [90m2 |[0m [36mimport[0m path [36mfrom[0m [32m"node:path"[0m;
  [90m  |[0m [33m[1m^^^^^^^^^^^^^^^^^^^^^^^^^^^^^[0m
  [90m3 |[0m
  [90m4 |[0m /**
  [90m5 |[0m  * 数据目录（便于 [33mDocker[0m 映射）。

Ecmascript file had an error

Import trace:
  Edge Instrumentation:
    ./lib/server/paths.ts
    ./lib/server/runtime-logger.ts
    ./instrumentation.ts


2026-09-14T12:47:32.903Z [WARN] [33m[1m⚠[22m[39m ./lib/server/runtime-logger.ts:2:1
[1m[33mWarning[39m: A Node.js module is loaded ('node:path' at line 2) which is not supported in the Edge Runtime.
    Learn More: https://nextjs.org/docs/messages/node-module-in-edge-runtime[22m
  [90m1 |[0m [36mimport[0m fs [36mfrom[0m [32m"node:fs"[0m;
[33m[1m>[0m [90m2 |[0m [36mimport[0m path [36mfrom[0m [32m"node:path"[0m;
  [90m  |[0m [33m[1m^^^^^^^^^^^^^^^^^^^^^^^^^^^^^[0m
  [90m3 |[0m [36mimport[0m { [33mDATA_DIR[0m } [36mfrom[0m [32m"./paths"[0m;
  [90m4 |[0m
  [90m5 |[0m [36mconst[0m [33mLOG_DIR[0m = path.join([33mDATA_DIR[0m, [32m"logs"[0m);

Ecmascript file had an error

Import trace:
  Edge Instrumentation:
    ./lib/server/runtime-logger.ts
    ./instrumentation.ts


2026-09-14T12:48:52.921Z [WARN] [33m[1m⚠[22m[39m ./lib/server/paths.ts:10:14
[1m[33mWarning[39m: A Node.js API is used (process.cwd at line: 10) which is not supported in the Edge Runtime.
    Learn more: https://nextjs.org/docs/api-reference/edge-runtime[22m
  [90m 8 |[0m [36mexport[0m [36mconst[0m [33mDATA_DIR[0m = process.env.[33mDATA_DIR[0m
  [90m 9 |[0m 	? path.resolve(process.env.[33mDATA_DIR[0m)
[33m[1m>[0m [90m10 |[0m 	: path.join(process.cwd(), [32m"data"[0m);
  [90m   |[0m             [33m[1m^^^^^^^^^^^[0m
  [90m11 |[0m
  [90m12 |[0m [36mconst[0m [33mSTRUCTURED_FILE_EXTENSIONS[0m = [[32m".yaml"[0m, [32m".yml"[0m, [32m".json"[0m] [36mas[0m [36mco...[0m
  [90m13 |[0m

Ecmascript file had an error

Import trace:
  Edge Instrumentation:
    ./lib/server/paths.ts
    ./lib/server/runtime-logger.ts
    ./instrumentation.ts


2026-09-14T12:48:52.931Z [WARN] [33m[1m⚠[22m[39m ./lib/server/runtime-logger.ts:52:50
[1m[33mWarning[39m: A Node.js API is used (process.pid at line: 52) which is not supported in the Edge Runtime.
    Learn more: https://nextjs.org/docs/api-reference/edge-runtime[22m
  [90m50 |[0m ...ues);
  [90m51 |[0m ...
[33m[1m>[0m [90m52 |[0m ...[32mer logger started"[0m, [32m`pid=[0m${process.pid[32m}`[0m]);
  [90m   |[0m                               [33m[1m^^^^^^^^^^^[0m
  [90m53 |[0m ...
  [90m54 |[0m ...
  [90m55 |[0m ...untimeError(error: unknown, requestPath?: string) {

Ecmascript file had an error

Import trace:
  Edge Instrumentation:
    ./lib/server/runtime-logger.ts
    ./instrumentation.ts


2026-09-14T12:48:52.941Z [WARN] [33m[1m⚠[22m[39m ./lib/server/paths.ts:1:1
[1m[33mWarning[39m: A Node.js module is loaded ('node:fs' at line 1) which is not supported in the Edge Runtime.
    Learn More: https://nextjs.org/docs/messages/node-module-in-edge-runtime[22m
[33m[1m>[0m [90m1 |[0m [36mimport[0m fs [36mfrom[0m [32m"node:fs"[0m;
  [90m  |[0m [33m[1m^^^^^^^^^^^^^^^^^^^^^^^^^[0m
  [90m2 |[0m [36mimport[0m path [36mfrom[0m [32m"node:path"[0m;
  [90m3 |[0m
  [90m4 |[0m /**

Ecmascript file had an error

Import trace:
  Edge Instrumentation:
    ./lib/server/paths.ts
    ./lib/server/runtime-logger.ts
    ./instrumentation.ts


2026-09-14T12:48:52.953Z [WARN] [33m[1m⚠[22m[39m ./lib/server/runtime-logger.ts:1:1
[1m[33mWarning[39m: A Node.js module is loaded ('node:fs' at line 1) which is not supported in the Edge Runtime.
    Learn More: https://nextjs.org/docs/messages/node-module-in-edge-runtime[22m
[33m[1m>[0m [90m1 |[0m [36mimport[0m fs [36mfrom[0m [32m"node:fs"[0m;
  [90m  |[0m [33m[1m^^^^^^^^^^^^^^^^^^^^^^^^^[0m
  [90m2 |[0m [36mimport[0m path [36mfrom[0m [32m"node:path"[0m;
  [90m3 |[0m [36mimport[0m { [33mDATA_DIR[0m } [36mfrom[0m [32m"./paths"[0m;
  [90m4 |[0m

Ecmascript file had an error

Import trace:
  Edge Instrumentation:
    ./lib/server/runtime-logger.ts
    ./instrumentation.ts


2026-09-14T12:48:52.967Z [WARN] [33m[1m⚠[22m[39m ./lib/server/paths.ts:2:1
[1m[33mWarning[39m: A Node.js module is loaded ('node:path' at line 2) which is not supported in the Edge Runtime.
    Learn More: https://nextjs.org/docs/messages/node-module-in-edge-runtime[22m
  [90m1 |[0m [36mimport[0m fs [36mfrom[0m [32m"node:fs"[0m;
[33m[1m>[0m [90m2 |[0m [36mimport[0m path [36mfrom[0m [32m"node:path"[0m;
  [90m  |[0m [33m[1m^^^^^^^^^^^^^^^^^^^^^^^^^^^^^[0m
  [90m3 |[0m
  [90m4 |[0m /**
  [90m5 |[0m  * 数据目录（便于 [33mDocker[0m 映射）。

Ecmascript file had an error

Import trace:
  Edge Instrumentation:
    ./lib/server/paths.ts
    ./lib/server/runtime-logger.ts
    ./instrumentation.ts


2026-09-14T12:48:52.980Z [WARN] [33m[1m⚠[22m[39m ./lib/server/runtime-logger.ts:2:1
[1m[33mWarning[39m: A Node.js module is loaded ('node:path' at line 2) which is not supported in the Edge Runtime.
    Learn More: https://nextjs.org/docs/messages/node-module-in-edge-runtime[22m
  [90m1 |[0m [36mimport[0m fs [36mfrom[0m [32m"node:fs"[0m;
[33m[1m>[0m [90m2 |[0m [36mimport[0m path [36mfrom[0m [32m"node:path"[0m;
  [90m  |[0m [33m[1m^^^^^^^^^^^^^^^^^^^^^^^^^^^^^[0m
  [90m3 |[0m [36mimport[0m { [33mDATA_DIR[0m } [36mfrom[0m [32m"./paths"[0m;
  [90m4 |[0m
  [90m5 |[0m [36mconst[0m [33mLOG_DIR[0m = path.join([33mDATA_DIR[0m, [32m"logs"[0m);

Ecmascript file had an error

Import trace:
  Edge Instrumentation:
    ./lib/server/runtime-logger.ts
    ./instrumentation.ts


2026-09-14T12:48:56.798Z [WARN] [33m[1m⚠[22m[39m ./lib/server/paths.ts:10:14
[1m[33mWarning[39m: A Node.js API is used (process.cwd at line: 10) which is not supported in the Edge Runtime.
    Learn more: https://nextjs.org/docs/api-reference/edge-runtime[22m
  [90m 8 |[0m [36mexport[0m [36mconst[0m [33mDATA_DIR[0m = process.env.[33mDATA_DIR[0m
  [90m 9 |[0m 	? path.resolve(process.env.[33mDATA_DIR[0m)
[33m[1m>[0m [90m10 |[0m 	: path.join(process.cwd(), [32m"data"[0m);
  [90m   |[0m             [33m[1m^^^^^^^^^^^[0m
  [90m11 |[0m
  [90m12 |[0m [36mconst[0m [33mSTRUCTURED_FILE_EXTENSIONS[0m = [[32m".yaml"[0m, [32m".yml"[0m, [32m".json"[0m] [36mas[0m [36mco...[0m
  [90m13 |[0m

Ecmascript file had an error

Import trace:
  Edge Instrumentation:
    ./lib/server/paths.ts
    ./lib/server/runtime-logger.ts
    ./instrumentation.ts


2026-09-14T12:48:56.812Z [WARN] [33m[1m⚠[22m[39m ./lib/server/runtime-logger.ts:52:50
[1m[33mWarning[39m: A Node.js API is used (process.pid at line: 52) which is not supported in the Edge Runtime.
    Learn more: https://nextjs.org/docs/api-reference/edge-runtime[22m
  [90m50 |[0m ...ues);
  [90m51 |[0m ...
[33m[1m>[0m [90m52 |[0m ...[32mer logger started"[0m, [32m`pid=[0m${process.pid[32m}`[0m]);
  [90m   |[0m                               [33m[1m^^^^^^^^^^^[0m
  [90m53 |[0m ...
  [90m54 |[0m ...
  [90m55 |[0m ...untimeError(error: unknown, requestPath?: string) {

Ecmascript file had an error

Import trace:
  Edge Instrumentation:
    ./lib/server/runtime-logger.ts
    ./instrumentation.ts


2026-09-14T12:48:56.823Z [WARN] [33m[1m⚠[22m[39m ./lib/server/paths.ts:1:1
[1m[33mWarning[39m: A Node.js module is loaded ('node:fs' at line 1) which is not supported in the Edge Runtime.
    Learn More: https://nextjs.org/docs/messages/node-module-in-edge-runtime[22m
[33m[1m>[0m [90m1 |[0m [36mimport[0m fs [36mfrom[0m [32m"node:fs"[0m;
  [90m  |[0m [33m[1m^^^^^^^^^^^^^^^^^^^^^^^^^[0m
  [90m2 |[0m [36mimport[0m path [36mfrom[0m [32m"node:path"[0m;
  [90m3 |[0m
  [90m4 |[0m /**

Ecmascript file had an error

Import trace:
  Edge Instrumentation:
    ./lib/server/paths.ts
    ./lib/server/runtime-logger.ts
    ./instrumentation.ts


2026-09-14T12:48:56.831Z [WARN] [33m[1m⚠[22m[39m ./lib/server/runtime-logger.ts:1:1
[1m[33mWarning[39m: A Node.js module is loaded ('node:fs' at line 1) which is not supported in the Edge Runtime.
    Learn More: https://nextjs.org/docs/messages/node-module-in-edge-runtime[22m
[33m[1m>[0m [90m1 |[0m [36mimport[0m fs [36mfrom[0m [32m"node:fs"[0m;
  [90m  |[0m [33m[1m^^^^^^^^^^^^^^^^^^^^^^^^^[0m
  [90m2 |[0m [36mimport[0m path [36mfrom[0m [32m"node:path"[0m;
  [90m3 |[0m [36mimport[0m { [33mDATA_DIR[0m } [36mfrom[0m [32m"./paths"[0m;
  [90m4 |[0m

Ecmascript file had an error

Import trace:
  Edge Instrumentation:
    ./lib/server/runtime-logger.ts
    ./instrumentation.ts


2026-09-14T12:48:56.844Z [WARN] [33m[1m⚠[22m[39m ./lib/server/paths.ts:2:1
[1m[33mWarning[39m: A Node.js module is loaded ('node:path' at line 2) which is not supported in the Edge Runtime.
    Learn More: https://nextjs.org/docs/messages/node-module-in-edge-runtime[22m
  [90m1 |[0m [36mimport[0m fs [36mfrom[0m [32m"node:fs"[0m;
[33m[1m>[0m [90m2 |[0m [36mimport[0m path [36mfrom[0m [32m"node:path"[0m;
  [90m  |[0m [33m[1m^^^^^^^^^^^^^^^^^^^^^^^^^^^^^[0m
  [90m3 |[0m
  [90m4 |[0m /**
  [90m5 |[0m  * 数据目录（便于 [33mDocker[0m 映射）。

Ecmascript file had an error

Import trace:
  Edge Instrumentation:
    ./lib/server/paths.ts
    ./lib/server/runtime-logger.ts
    ./instrumentation.ts


2026-09-14T12:48:56.854Z [WARN] [33m[1m⚠[22m[39m ./lib/server/runtime-logger.ts:2:1
[1m[33mWarning[39m: A Node.js module is loaded ('node:path' at line 2) which is not supported in the Edge Runtime.
    Learn More: https://nextjs.org/docs/messages/node-module-in-edge-runtime[22m
  [90m1 |[0m [36mimport[0m fs [36mfrom[0m [32m"node:fs"[0m;
[33m[1m>[0m [90m2 |[0m [36mimport[0m path [36mfrom[0m [32m"node:path"[0m;
  [90m  |[0m [33m[1m^^^^^^^^^^^^^^^^^^^^^^^^^^^^^[0m
  [90m3 |[0m [36mimport[0m { [33mDATA_DIR[0m } [36mfrom[0m [32m"./paths"[0m;
  [90m4 |[0m
  [90m5 |[0m [36mconst[0m [33mLOG_DIR[0m = path.join([33mDATA_DIR[0m, [32m"logs"[0m);

Ecmascript file had an error

Import trace:
  Edge Instrumentation:
    ./lib/server/runtime-logger.ts
    ./instrumentation.ts


2026-09-14T12:52:30.802Z [WARN] [33m[1m⚠[22m[39m ./lib/server/paths.ts:10:14
[1m[33mWarning[39m: A Node.js API is used (process.cwd at line: 10) which is not supported in the Edge Runtime.
    Learn more: https://nextjs.org/docs/api-reference/edge-runtime[22m
  [90m 8 |[0m [36mexport[0m [36mconst[0m [33mDATA_DIR[0m = process.env.[33mDATA_DIR[0m
  [90m 9 |[0m 	? path.resolve(process.env.[33mDATA_DIR[0m)
[33m[1m>[0m [90m10 |[0m 	: path.join(process.cwd(), [32m"data"[0m);
  [90m   |[0m             [33m[1m^^^^^^^^^^^[0m
  [90m11 |[0m
  [90m12 |[0m [36mconst[0m [33mSTRUCTURED_FILE_EXTENSIONS[0m = [[32m".yaml"[0m, [32m".yml"[0m, [32m".json"[0m] [36mas[0m [36mco...[0m
  [90m13 |[0m

Ecmascript file had an error

Import trace:
  Edge Instrumentation:
    ./lib/server/paths.ts
    ./lib/server/runtime-logger.ts
    ./instrumentation.ts


2026-09-14T12:52:30.810Z [WARN] [33m[1m⚠[22m[39m ./lib/server/runtime-logger.ts:52:50
[1m[33mWarning[39m: A Node.js API is used (process.pid at line: 52) which is not supported in the Edge Runtime.
    Learn more: https://nextjs.org/docs/api-reference/edge-runtime[22m
  [90m50 |[0m ...ues);
  [90m51 |[0m ...
[33m[1m>[0m [90m52 |[0m ...[32mer logger started"[0m, [32m`pid=[0m${process.pid[32m}`[0m]);
  [90m   |[0m                               [33m[1m^^^^^^^^^^^[0m
  [90m53 |[0m ...
  [90m54 |[0m ...
  [90m55 |[0m ...untimeError(error: unknown, requestPath?: string) {

Ecmascript file had an error

Import trace:
  Edge Instrumentation:
    ./lib/server/runtime-logger.ts
    ./instrumentation.ts


2026-09-14T12:52:30.819Z [WARN] [33m[1m⚠[22m[39m ./lib/server/paths.ts:1:1
[1m[33mWarning[39m: A Node.js module is loaded ('node:fs' at line 1) which is not supported in the Edge Runtime.
    Learn More: https://nextjs.org/docs/messages/node-module-in-edge-runtime[22m
[33m[1m>[0m [90m1 |[0m [36mimport[0m fs [36mfrom[0m [32m"node:fs"[0m;
  [90m  |[0m [33m[1m^^^^^^^^^^^^^^^^^^^^^^^^^[0m
  [90m2 |[0m [36mimport[0m path [36mfrom[0m [32m"node:path"[0m;
  [90m3 |[0m
  [90m4 |[0m /**

Ecmascript file had an error

Import trace:
  Edge Instrumentation:
    ./lib/server/paths.ts
    ./lib/server/runtime-logger.ts
    ./instrumentation.ts


2026-09-14T12:52:30.829Z [WARN] [33m[1m⚠[22m[39m ./lib/server/runtime-logger.ts:1:1
[1m[33mWarning[39m: A Node.js module is loaded ('node:fs' at line 1) which is not supported in the Edge Runtime.
    Learn More: https://nextjs.org/docs/messages/node-module-in-edge-runtime[22m
[33m[1m>[0m [90m1 |[0m [36mimport[0m fs [36mfrom[0m [32m"node:fs"[0m;
  [90m  |[0m [33m[1m^^^^^^^^^^^^^^^^^^^^^^^^^[0m
  [90m2 |[0m [36mimport[0m path [36mfrom[0m [32m"node:path"[0m;
  [90m3 |[0m [36mimport[0m { [33mDATA_DIR[0m } [36mfrom[0m [32m"./paths"[0m;
  [90m4 |[0m

Ecmascript file had an error

Import trace:
  Edge Instrumentation:
    ./lib/server/runtime-logger.ts
    ./instrumentation.ts


2026-09-14T12:52:30.836Z [WARN] [33m[1m⚠[22m[39m ./lib/server/paths.ts:2:1
[1m[33mWarning[39m: A Node.js module is loaded ('node:path' at line 2) which is not supported in the Edge Runtime.
    Learn More: https://nextjs.org/docs/messages/node-module-in-edge-runtime[22m
  [90m1 |[0m [36mimport[0m fs [36mfrom[0m [32m"node:fs"[0m;
[33m[1m>[0m [90m2 |[0m [36mimport[0m path [36mfrom[0m [32m"node:path"[0m;
  [90m  |[0m [33m[1m^^^^^^^^^^^^^^^^^^^^^^^^^^^^^[0m
  [90m3 |[0m
  [90m4 |[0m /**
  [90m5 |[0m  * 数据目录（便于 [33mDocker[0m 映射）。

Ecmascript file had an error

Import trace:
  Edge Instrumentation:
    ./lib/server/paths.ts
    ./lib/server/runtime-logger.ts
    ./instrumentation.ts


2026-09-14T12:52:30.843Z [WARN] [33m[1m⚠[22m[39m ./lib/server/runtime-logger.ts:2:1
[1m[33mWarning[39m: A Node.js module is loaded ('node:path' at line 2) which is not supported in the Edge Runtime.
    Learn More: https://nextjs.org/docs/messages/node-module-in-edge-runtime[22m
  [90m1 |[0m [36mimport[0m fs [36mfrom[0m [32m"node:fs"[0m;
[33m[1m>[0m [90m2 |[0m [36mimport[0m path [36mfrom[0m [32m"node:path"[0m;
  [90m  |[0m [33m[1m^^^^^^^^^^^^^^^^^^^^^^^^^^^^^[0m
  [90m3 |[0m [36mimport[0m { [33mDATA_DIR[0m } [36mfrom[0m [32m"./paths"[0m;
  [90m4 |[0m
  [90m5 |[0m [36mconst[0m [33mLOG_DIR[0m = path.join([33mDATA_DIR[0m, [32m"logs"[0m);

Ecmascript file had an error

Import trace:
  Edge Instrumentation:
    ./lib/server/runtime-logger.ts
    ./instrumentation.ts


2026-09-14T13:09:40.399Z [WARN] [33m[1m⚠[22m[39m ./lib/server/paths.ts:10:14
[1m[33mWarning[39m: A Node.js API is used (process.cwd at line: 10) which is not supported in the Edge Runtime.
    Learn more: https://nextjs.org/docs/api-reference/edge-runtime[22m
  [90m 8 |[0m [36mexport[0m [36mconst[0m [33mDATA_DIR[0m = process.env.[33mDATA_DIR[0m
  [90m 9 |[0m 	? path.resolve(process.env.[33mDATA_DIR[0m)
[33m[1m>[0m [90m10 |[0m 	: path.join(process.cwd(), [32m"data"[0m);
  [90m   |[0m             [33m[1m^^^^^^^^^^^[0m
  [90m11 |[0m
  [90m12 |[0m [36mconst[0m [33mSTRUCTURED_FILE_EXTENSIONS[0m = [[32m".yaml"[0m, [32m".yml"[0m, [32m".json"[0m] [36mas[0m [36mco...[0m
  [90m13 |[0m

Ecmascript file had an error

Import trace:
  Edge Instrumentation:
    ./lib/server/paths.ts
    ./lib/server/runtime-logger.ts
    ./instrumentation.ts


2026-09-14T13:09:40.407Z [WARN] [33m[1m⚠[22m[39m ./lib/server/runtime-logger.ts:52:50
[1m[33mWarning[39m: A Node.js API is used (process.pid at line: 52) which is not supported in the Edge Runtime.
    Learn more: https://nextjs.org/docs/api-reference/edge-runtime[22m
  [90m50 |[0m ...ues);
  [90m51 |[0m ...
[33m[1m>[0m [90m52 |[0m ...[32mer logger started"[0m, [32m`pid=[0m${process.pid[32m}`[0m]);
  [90m   |[0m                               [33m[1m^^^^^^^^^^^[0m
  [90m53 |[0m ...
  [90m54 |[0m ...
  [90m55 |[0m ...untimeError(error: unknown, requestPath?: string) {

Ecmascript file had an error

Import trace:
  Edge Instrumentation:
    ./lib/server/runtime-logger.ts
    ./instrumentation.ts


2026-09-14T13:09:40.415Z [WARN] [33m[1m⚠[22m[39m ./lib/server/paths.ts:1:1
[1m[33mWarning[39m: A Node.js module is loaded ('node:fs' at line 1) which is not supported in the Edge Runtime.
    Learn More: https://nextjs.org/docs/messages/node-module-in-edge-runtime[22m
[33m[1m>[0m [90m1 |[0m [36mimport[0m fs [36mfrom[0m [32m"node:fs"[0m;
  [90m  |[0m [33m[1m^^^^^^^^^^^^^^^^^^^^^^^^^[0m
  [90m2 |[0m [36mimport[0m path [36mfrom[0m [32m"node:path"[0m;
  [90m3 |[0m
  [90m4 |[0m /**

Ecmascript file had an error

Import trace:
  Edge Instrumentation:
    ./lib/server/paths.ts
    ./lib/server/runtime-logger.ts
    ./instrumentation.ts


2026-09-14T13:09:40.424Z [WARN] [33m[1m⚠[22m[39m ./lib/server/runtime-logger.ts:1:1
[1m[33mWarning[39m: A Node.js module is loaded ('node:fs' at line 1) which is not supported in the Edge Runtime.
    Learn More: https://nextjs.org/docs/messages/node-module-in-edge-runtime[22m
[33m[1m>[0m [90m1 |[0m [36mimport[0m fs [36mfrom[0m [32m"node:fs"[0m;
  [90m  |[0m [33m[1m^^^^^^^^^^^^^^^^^^^^^^^^^[0m
  [90m2 |[0m [36mimport[0m path [36mfrom[0m [32m"node:path"[0m;
  [90m3 |[0m [36mimport[0m { [33mDATA_DIR[0m } [36mfrom[0m [32m"./paths"[0m;
  [90m4 |[0m

Ecmascript file had an error

Import trace:
  Edge Instrumentation:
    ./lib/server/runtime-logger.ts
    ./instrumentation.ts


2026-09-14T13:09:40.431Z [WARN] [33m[1m⚠[22m[39m ./lib/server/paths.ts:2:1
[1m[33mWarning[39m: A Node.js module is loaded ('node:path' at line 2) which is not supported in the Edge Runtime.
    Learn More: https://nextjs.org/docs/messages/node-module-in-edge-runtime[22m
  [90m1 |[0m [36mimport[0m fs [36mfrom[0m [32m"node:fs"[0m;
[33m[1m>[0m [90m2 |[0m [36mimport[0m path [36mfrom[0m [32m"node:path"[0m;
  [90m  |[0m [33m[1m^^^^^^^^^^^^^^^^^^^^^^^^^^^^^[0m
  [90m3 |[0m
  [90m4 |[0m /**
  [90m5 |[0m  * 数据目录（便于 [33mDocker[0m 映射）。

Ecmascript file had an error

Import trace:
  Edge Instrumentation:
    ./lib/server/paths.ts
    ./lib/server/runtime-logger.ts
    ./instrumentation.ts


2026-09-14T13:09:40.440Z [WARN] [33m[1m⚠[22m[39m ./lib/server/runtime-logger.ts:2:1
[1m[33mWarning[39m: A Node.js module is loaded ('node:path' at line 2) which is not supported in the Edge Runtime.
    Learn More: https://nextjs.org/docs/messages/node-module-in-edge-runtime[22m
  [90m1 |[0m [36mimport[0m fs [36mfrom[0m [32m"node:fs"[0m;
[33m[1m>[0m [90m2 |[0m [36mimport[0m path [36mfrom[0m [32m"node:path"[0m;
  [90m  |[0m [33m[1m^^^^^^^^^^^^^^^^^^^^^^^^^^^^^[0m
  [90m3 |[0m [36mimport[0m { [33mDATA_DIR[0m } [36mfrom[0m [32m"./paths"[0m;
  [90m4 |[0m
  [90m5 |[0m [36mconst[0m [33mLOG_DIR[0m = path.join([33mDATA_DIR[0m, [32m"logs"[0m);

Ecmascript file had an error

Import trace:
  Edge Instrumentation:
    ./lib/server/runtime-logger.ts
    ./instrumentation.ts


2026-09-14T13:09:43.458Z [WARN] [33m[1m⚠[22m[39m ./lib/server/paths.ts:10:14
[1m[33mWarning[39m: A Node.js API is used (process.cwd at line: 10) which is not supported in the Edge Runtime.
    Learn more: https://nextjs.org/docs/api-reference/edge-runtime[22m
  [90m 8 |[0m [36mexport[0m [36mconst[0m [33mDATA_DIR[0m = process.env.[33mDATA_DIR[0m
  [90m 9 |[0m 	? path.resolve(process.env.[33mDATA_DIR[0m)
[33m[1m>[0m [90m10 |[0m 	: path.join(process.cwd(), [32m"data"[0m);
  [90m   |[0m             [33m[1m^^^^^^^^^^^[0m
  [90m11 |[0m
  [90m12 |[0m [36mconst[0m [33mSTRUCTURED_FILE_EXTENSIONS[0m = [[32m".yaml"[0m, [32m".yml"[0m, [32m".json"[0m] [36mas[0m [36mco...[0m
  [90m13 |[0m

Ecmascript file had an error

Import trace:
  Edge Instrumentation:
    ./lib/server/paths.ts
    ./lib/server/runtime-logger.ts
    ./instrumentation.ts


2026-09-14T13:09:43.464Z [WARN] [33m[1m⚠[22m[39m ./lib/server/runtime-logger.ts:52:50
[1m[33mWarning[39m: A Node.js API is used (process.pid at line: 52) which is not supported in the Edge Runtime.
    Learn more: https://nextjs.org/docs/api-reference/edge-runtime[22m
  [90m50 |[0m ...ues);
  [90m51 |[0m ...
[33m[1m>[0m [90m52 |[0m ...[32mer logger started"[0m, [32m`pid=[0m${process.pid[32m}`[0m]);
  [90m   |[0m                               [33m[1m^^^^^^^^^^^[0m
  [90m53 |[0m ...
  [90m54 |[0m ...
  [90m55 |[0m ...untimeError(error: unknown, requestPath?: string) {

Ecmascript file had an error

Import trace:
  Edge Instrumentation:
    ./lib/server/runtime-logger.ts
    ./instrumentation.ts


2026-09-14T13:09:43.470Z [WARN] [33m[1m⚠[22m[39m ./lib/server/paths.ts:1:1
[1m[33mWarning[39m: A Node.js module is loaded ('node:fs' at line 1) which is not supported in the Edge Runtime.
    Learn More: https://nextjs.org/docs/messages/node-module-in-edge-runtime[22m
[33m[1m>[0m [90m1 |[0m [36mimport[0m fs [36mfrom[0m [32m"node:fs"[0m;
  [90m  |[0m [33m[1m^^^^^^^^^^^^^^^^^^^^^^^^^[0m
  [90m2 |[0m [36mimport[0m path [36mfrom[0m [32m"node:path"[0m;
  [90m3 |[0m
  [90m4 |[0m /**

Ecmascript file had an error

Import trace:
  Edge Instrumentation:
    ./lib/server/paths.ts
    ./lib/server/runtime-logger.ts
    ./instrumentation.ts


2026-09-14T13:09:43.479Z [WARN] [33m[1m⚠[22m[39m ./lib/server/runtime-logger.ts:1:1
[1m[33mWarning[39m: A Node.js module is loaded ('node:fs' at line 1) which is not supported in the Edge Runtime.
    Learn More: https://nextjs.org/docs/messages/node-module-in-edge-runtime[22m
[33m[1m>[0m [90m1 |[0m [36mimport[0m fs [36mfrom[0m [32m"node:fs"[0m;
  [90m  |[0m [33m[1m^^^^^^^^^^^^^^^^^^^^^^^^^[0m
  [90m2 |[0m [36mimport[0m path [36mfrom[0m [32m"node:path"[0m;
  [90m3 |[0m [36mimport[0m { [33mDATA_DIR[0m } [36mfrom[0m [32m"./paths"[0m;
  [90m4 |[0m

Ecmascript file had an error

Import trace:
  Edge Instrumentation:
    ./lib/server/runtime-logger.ts
    ./instrumentation.ts


2026-09-14T13:09:43.496Z [WARN] [33m[1m⚠[22m[39m ./lib/server/paths.ts:2:1
[1m[33mWarning[39m: A Node.js module is loaded ('node:path' at line 2) which is not supported in the Edge Runtime.
    Learn More: https://nextjs.org/docs/messages/node-module-in-edge-runtime[22m
  [90m1 |[0m [36mimport[0m fs [36mfrom[0m [32m"node:fs"[0m;
[33m[1m>[0m [90m2 |[0m [36mimport[0m path [36mfrom[0m [32m"node:path"[0m;
  [90m  |[0m [33m[1m^^^^^^^^^^^^^^^^^^^^^^^^^^^^^[0m
  [90m3 |[0m
  [90m4 |[0m /**
  [90m5 |[0m  * 数据目录（便于 [33mDocker[0m 映射）。

Ecmascript file had an error

Import trace:
  Edge Instrumentation:
    ./lib/server/paths.ts
    ./lib/server/runtime-logger.ts
    ./instrumentation.ts


2026-09-14T13:09:43.557Z [WARN] [33m[1m⚠[22m[39m ./lib/server/runtime-logger.ts:2:1
[1m[33mWarning[39m: A Node.js module is loaded ('node:path' at line 2) which is not supported in the Edge Runtime.
    Learn More: https://nextjs.org/docs/messages/node-module-in-edge-runtime[22m
  [90m1 |[0m [36mimport[0m fs [36mfrom[0m [32m"node:fs"[0m;
[33m[1m>[0m [90m2 |[0m [36mimport[0m path [36mfrom[0m [32m"node:path"[0m;
  [90m  |[0m [33m[1m^^^^^^^^^^^^^^^^^^^^^^^^^^^^^[0m
  [90m3 |[0m [36mimport[0m { [33mDATA_DIR[0m } [36mfrom[0m [32m"./paths"[0m;
  [90m4 |[0m
  [90m5 |[0m [36mconst[0m [33mLOG_DIR[0m = path.join([33mDATA_DIR[0m, [32m"logs"[0m);

Ecmascript file had an error

Import trace:
  Edge Instrumentation:
    ./lib/server/runtime-logger.ts
    ./instrumentation.ts


2026-09-14T13:09:50.437Z [WARN] [33m[1m⚠[22m[39m ./lib/server/paths.ts:10:14
[1m[33mWarning[39m: A Node.js API is used (process.cwd at line: 10) which is not supported in the Edge Runtime.
    Learn more: https://nextjs.org/docs/api-reference/edge-runtime[22m
  [90m 8 |[0m [36mexport[0m [36mconst[0m [33mDATA_DIR[0m = process.env.[33mDATA_DIR[0m
  [90m 9 |[0m 	? path.resolve(process.env.[33mDATA_DIR[0m)
[33m[1m>[0m [90m10 |[0m 	: path.join(process.cwd(), [32m"data"[0m);
  [90m   |[0m             [33m[1m^^^^^^^^^^^[0m
  [90m11 |[0m
  [90m12 |[0m [36mconst[0m [33mSTRUCTURED_FILE_EXTENSIONS[0m = [[32m".yaml"[0m, [32m".yml"[0m, [32m".json"[0m] [36mas[0m [36mco...[0m
  [90m13 |[0m

Ecmascript file had an error

Import trace:
  Edge Instrumentation:
    ./lib/server/paths.ts
    ./lib/server/runtime-logger.ts
    ./instrumentation.ts


2026-09-14T13:09:50.442Z [WARN] [33m[1m⚠[22m[39m ./lib/server/runtime-logger.ts:52:50
[1m[33mWarning[39m: A Node.js API is used (process.pid at line: 52) which is not supported in the Edge Runtime.
    Learn more: https://nextjs.org/docs/api-reference/edge-runtime[22m
  [90m50 |[0m ...ues);
  [90m51 |[0m ...
[33m[1m>[0m [90m52 |[0m ...[32mer logger started"[0m, [32m`pid=[0m${process.pid[32m}`[0m]);
  [90m   |[0m                               [33m[1m^^^^^^^^^^^[0m
  [90m53 |[0m ...
  [90m54 |[0m ...
  [90m55 |[0m ...untimeError(error: unknown, requestPath?: string) {

Ecmascript file had an error

Import trace:
  Edge Instrumentation:
    ./lib/server/runtime-logger.ts
    ./instrumentation.ts


2026-09-14T13:09:50.448Z [WARN] [33m[1m⚠[22m[39m ./lib/server/paths.ts:1:1
[1m[33mWarning[39m: A Node.js module is loaded ('node:fs' at line 1) which is not supported in the Edge Runtime.
    Learn More: https://nextjs.org/docs/messages/node-module-in-edge-runtime[22m
[33m[1m>[0m [90m1 |[0m [36mimport[0m fs [36mfrom[0m [32m"node:fs"[0m;
  [90m  |[0m [33m[1m^^^^^^^^^^^^^^^^^^^^^^^^^[0m
  [90m2 |[0m [36mimport[0m path [36mfrom[0m [32m"node:path"[0m;
  [90m3 |[0m
  [90m4 |[0m /**

Ecmascript file had an error

Import trace:
  Edge Instrumentation:
    ./lib/server/paths.ts
    ./lib/server/runtime-logger.ts
    ./instrumentation.ts


2026-09-14T13:09:50.458Z [WARN] [33m[1m⚠[22m[39m ./lib/server/runtime-logger.ts:1:1
[1m[33mWarning[39m: A Node.js module is loaded ('node:fs' at line 1) which is not supported in the Edge Runtime.
    Learn More: https://nextjs.org/docs/messages/node-module-in-edge-runtime[22m
[33m[1m>[0m [90m1 |[0m [36mimport[0m fs [36mfrom[0m [32m"node:fs"[0m;
  [90m  |[0m [33m[1m^^^^^^^^^^^^^^^^^^^^^^^^^[0m
  [90m2 |[0m [36mimport[0m path [36mfrom[0m [32m"node:path"[0m;
  [90m3 |[0m [36mimport[0m { [33mDATA_DIR[0m } [36mfrom[0m [32m"./paths"[0m;
  [90m4 |[0m

Ecmascript file had an error

Import trace:
  Edge Instrumentation:
    ./lib/server/runtime-logger.ts
    ./instrumentation.ts


2026-09-14T13:09:50.469Z [WARN] [33m[1m⚠[22m[39m ./lib/server/paths.ts:2:1
[1m[33mWarning[39m: A Node.js module is loaded ('node:path' at line 2) which is not supported in the Edge Runtime.
    Learn More: https://nextjs.org/docs/messages/node-module-in-edge-runtime[22m
  [90m1 |[0m [36mimport[0m fs [36mfrom[0m [32m"node:fs"[0m;
[33m[1m>[0m [90m2 |[0m [36mimport[0m path [36mfrom[0m [32m"node:path"[0m;
  [90m  |[0m [33m[1m^^^^^^^^^^^^^^^^^^^^^^^^^^^^^[0m
  [90m3 |[0m
  [90m4 |[0m /**
  [90m5 |[0m  * 数据目录（便于 [33mDocker[0m 映射）。

Ecmascript file had an error

Import trace:
  Edge Instrumentation:
    ./lib/server/paths.ts
    ./lib/server/runtime-logger.ts
    ./instrumentation.ts


2026-09-14T13:09:50.475Z [WARN] [33m[1m⚠[22m[39m ./lib/server/runtime-logger.ts:2:1
[1m[33mWarning[39m: A Node.js module is loaded ('node:path' at line 2) which is not supported in the Edge Runtime.
    Learn More: https://nextjs.org/docs/messages/node-module-in-edge-runtime[22m
  [90m1 |[0m [36mimport[0m fs [36mfrom[0m [32m"node:fs"[0m;
[33m[1m>[0m [90m2 |[0m [36mimport[0m path [36mfrom[0m [32m"node:path"[0m;
  [90m  |[0m [33m[1m^^^^^^^^^^^^^^^^^^^^^^^^^^^^^[0m
  [90m3 |[0m [36mimport[0m { [33mDATA_DIR[0m } [36mfrom[0m [32m"./paths"[0m;
  [90m4 |[0m
  [90m5 |[0m [36mconst[0m [33mLOG_DIR[0m = path.join([33mDATA_DIR[0m, [32m"logs"[0m);

Ecmascript file had an error

Import trace:
  Edge Instrumentation:
    ./lib/server/runtime-logger.ts
    ./instrumentation.ts


2026-09-14T13:09:53.110Z [WARN] [33m[1m⚠[22m[39m ./lib/server/paths.ts:10:14
[1m[33mWarning[39m: A Node.js API is used (process.cwd at line: 10) which is not supported in the Edge Runtime.
    Learn more: https://nextjs.org/docs/api-reference/edge-runtime[22m
  [90m 8 |[0m [36mexport[0m [36mconst[0m [33mDATA_DIR[0m = process.env.[33mDATA_DIR[0m
  [90m 9 |[0m 	? path.resolve(process.env.[33mDATA_DIR[0m)
[33m[1m>[0m [90m10 |[0m 	: path.join(process.cwd(), [32m"data"[0m);
  [90m   |[0m             [33m[1m^^^^^^^^^^^[0m
  [90m11 |[0m
  [90m12 |[0m [36mconst[0m [33mSTRUCTURED_FILE_EXTENSIONS[0m = [[32m".yaml"[0m, [32m".yml"[0m, [32m".json"[0m] [36mas[0m [36mco...[0m
  [90m13 |[0m

Ecmascript file had an error

Import trace:
  Edge Instrumentation:
    ./lib/server/paths.ts
    ./lib/server/runtime-logger.ts
    ./instrumentation.ts


2026-09-14T13:09:53.115Z [WARN] [33m[1m⚠[22m[39m ./lib/server/runtime-logger.ts:52:50
[1m[33mWarning[39m: A Node.js API is used (process.pid at line: 52) which is not supported in the Edge Runtime.
    Learn more: https://nextjs.org/docs/api-reference/edge-runtime[22m
  [90m50 |[0m ...ues);
  [90m51 |[0m ...
[33m[1m>[0m [90m52 |[0m ...[32mer logger started"[0m, [32m`pid=[0m${process.pid[32m}`[0m]);
  [90m   |[0m                               [33m[1m^^^^^^^^^^^[0m
  [90m53 |[0m ...
  [90m54 |[0m ...
  [90m55 |[0m ...untimeError(error: unknown, requestPath?: string) {

Ecmascript file had an error

Import trace:
  Edge Instrumentation:
    ./lib/server/runtime-logger.ts
    ./instrumentation.ts


2026-09-14T13:09:53.120Z [WARN] [33m[1m⚠[22m[39m ./lib/server/paths.ts:1:1
[1m[33mWarning[39m: A Node.js module is loaded ('node:fs' at line 1) which is not supported in the Edge Runtime.
    Learn More: https://nextjs.org/docs/messages/node-module-in-edge-runtime[22m
[33m[1m>[0m [90m1 |[0m [36mimport[0m fs [36mfrom[0m [32m"node:fs"[0m;
  [90m  |[0m [33m[1m^^^^^^^^^^^^^^^^^^^^^^^^^[0m
  [90m2 |[0m [36mimport[0m path [36mfrom[0m [32m"node:path"[0m;
  [90m3 |[0m
  [90m4 |[0m /**

Ecmascript file had an error

Import trace:
  Edge Instrumentation:
    ./lib/server/paths.ts
    ./lib/server/runtime-logger.ts
    ./instrumentation.ts


2026-09-14T13:09:53.144Z [WARN] [33m[1m⚠[22m[39m ./lib/server/runtime-logger.ts:1:1
[1m[33mWarning[39m: A Node.js module is loaded ('node:fs' at line 1) which is not supported in the Edge Runtime.
    Learn More: https://nextjs.org/docs/messages/node-module-in-edge-runtime[22m
[33m[1m>[0m [90m1 |[0m [36mimport[0m fs [36mfrom[0m [32m"node:fs"[0m;
  [90m  |[0m [33m[1m^^^^^^^^^^^^^^^^^^^^^^^^^[0m
  [90m2 |[0m [36mimport[0m path [36mfrom[0m [32m"node:path"[0m;
  [90m3 |[0m [36mimport[0m { [33mDATA_DIR[0m } [36mfrom[0m [32m"./paths"[0m;
  [90m4 |[0m

Ecmascript file had an error

Import trace:
  Edge Instrumentation:
    ./lib/server/runtime-logger.ts
    ./instrumentation.ts


2026-09-14T13:09:53.157Z [WARN] [33m[1m⚠[22m[39m ./lib/server/paths.ts:2:1
[1m[33mWarning[39m: A Node.js module is loaded ('node:path' at line 2) which is not supported in the Edge Runtime.
    Learn More: https://nextjs.org/docs/messages/node-module-in-edge-runtime[22m
  [90m1 |[0m [36mimport[0m fs [36mfrom[0m [32m"node:fs"[0m;
[33m[1m>[0m [90m2 |[0m [36mimport[0m path [36mfrom[0m [32m"node:path"[0m;
  [90m  |[0m [33m[1m^^^^^^^^^^^^^^^^^^^^^^^^^^^^^[0m
  [90m3 |[0m
  [90m4 |[0m /**
  [90m5 |[0m  * 数据目录（便于 [33mDocker[0m 映射）。

Ecmascript file had an error

Import trace:
  Edge Instrumentation:
    ./lib/server/paths.ts
    ./lib/server/runtime-logger.ts
    ./instrumentation.ts


2026-09-14T13:09:53.190Z [WARN] [33m[1m⚠[22m[39m ./lib/server/runtime-logger.ts:2:1
[1m[33mWarning[39m: A Node.js module is loaded ('node:path' at line 2) which is not supported in the Edge Runtime.
    Learn More: https://nextjs.org/docs/messages/node-module-in-edge-runtime[22m
  [90m1 |[0m [36mimport[0m fs [36mfrom[0m [32m"node:fs"[0m;
[33m[1m>[0m [90m2 |[0m [36mimport[0m path [36mfrom[0m [32m"node:path"[0m;
  [90m  |[0m [33m[1m^^^^^^^^^^^^^^^^^^^^^^^^^^^^^[0m
  [90m3 |[0m [36mimport[0m { [33mDATA_DIR[0m } [36mfrom[0m [32m"./paths"[0m;
  [90m4 |[0m
  [90m5 |[0m [36mconst[0m [33mLOG_DIR[0m = path.join([33mDATA_DIR[0m, [32m"logs"[0m);

Ecmascript file had an error

Import trace:
  Edge Instrumentation:
    ./lib/server/runtime-logger.ts
    ./instrumentation.ts


2026-09-14T13:10:02.355Z [WARN] [33m[1m⚠[22m[39m ./lib/server/paths.ts:10:14
[1m[33mWarning[39m: A Node.js API is used (process.cwd at line: 10) which is not supported in the Edge Runtime.
    Learn more: https://nextjs.org/docs/api-reference/edge-runtime[22m
  [90m 8 |[0m [36mexport[0m [36mconst[0m [33mDATA_DIR[0m = process.env.[33mDATA_DIR[0m
  [90m 9 |[0m 	? path.resolve(process.env.[33mDATA_DIR[0m)
[33m[1m>[0m [90m10 |[0m 	: path.join(process.cwd(), [32m"data"[0m);
  [90m   |[0m             [33m[1m^^^^^^^^^^^[0m
  [90m11 |[0m
  [90m12 |[0m [36mconst[0m [33mSTRUCTURED_FILE_EXTENSIONS[0m = [[32m".yaml"[0m, [32m".yml"[0m, [32m".json"[0m] [36mas[0m [36mco...[0m
  [90m13 |[0m

Ecmascript file had an error

Import trace:
  Edge Instrumentation:
    ./lib/server/paths.ts
    ./lib/server/runtime-logger.ts
    ./instrumentation.ts


2026-09-14T13:10:02.359Z [WARN] [33m[1m⚠[22m[39m ./lib/server/runtime-logger.ts:52:50
[1m[33mWarning[39m: A Node.js API is used (process.pid at line: 52) which is not supported in the Edge Runtime.
    Learn more: https://nextjs.org/docs/api-reference/edge-runtime[22m
  [90m50 |[0m ...ues);
  [90m51 |[0m ...
[33m[1m>[0m [90m52 |[0m ...[32mer logger started"[0m, [32m`pid=[0m${process.pid[32m}`[0m]);
  [90m   |[0m                               [33m[1m^^^^^^^^^^^[0m
  [90m53 |[0m ...
  [90m54 |[0m ...
  [90m55 |[0m ...untimeError(error: unknown, requestPath?: string) {

Ecmascript file had an error

Import trace:
  Edge Instrumentation:
    ./lib/server/runtime-logger.ts
    ./instrumentation.ts


2026-09-14T13:10:02.364Z [WARN] [33m[1m⚠[22m[39m ./lib/server/paths.ts:1:1
[1m[33mWarning[39m: A Node.js module is loaded ('node:fs' at line 1) which is not supported in the Edge Runtime.
    Learn More: https://nextjs.org/docs/messages/node-module-in-edge-runtime[22m
[33m[1m>[0m [90m1 |[0m [36mimport[0m fs [36mfrom[0m [32m"node:fs"[0m;
  [90m  |[0m [33m[1m^^^^^^^^^^^^^^^^^^^^^^^^^[0m
  [90m2 |[0m [36mimport[0m path [36mfrom[0m [32m"node:path"[0m;
  [90m3 |[0m
  [90m4 |[0m /**

Ecmascript file had an error

Import trace:
  Edge Instrumentation:
    ./lib/server/paths.ts
    ./lib/server/runtime-logger.ts
    ./instrumentation.ts


2026-09-14T13:10:02.371Z [WARN] [33m[1m⚠[22m[39m ./lib/server/runtime-logger.ts:1:1
[1m[33mWarning[39m: A Node.js module is loaded ('node:fs' at line 1) which is not supported in the Edge Runtime.
    Learn More: https://nextjs.org/docs/messages/node-module-in-edge-runtime[22m
[33m[1m>[0m [90m1 |[0m [36mimport[0m fs [36mfrom[0m [32m"node:fs"[0m;
  [90m  |[0m [33m[1m^^^^^^^^^^^^^^^^^^^^^^^^^[0m
  [90m2 |[0m [36mimport[0m path [36mfrom[0m [32m"node:path"[0m;
  [90m3 |[0m [36mimport[0m { [33mDATA_DIR[0m } [36mfrom[0m [32m"./paths"[0m;
  [90m4 |[0m

Ecmascript file had an error

Import trace:
  Edge Instrumentation:
    ./lib/server/runtime-logger.ts
    ./instrumentation.ts


2026-09-14T13:10:02.377Z [WARN] [33m[1m⚠[22m[39m ./lib/server/paths.ts:2:1
[1m[33mWarning[39m: A Node.js module is loaded ('node:path' at line 2) which is not supported in the Edge Runtime.
    Learn More: https://nextjs.org/docs/messages/node-module-in-edge-runtime[22m
  [90m1 |[0m [36mimport[0m fs [36mfrom[0m [32m"node:fs"[0m;
[33m[1m>[0m [90m2 |[0m [36mimport[0m path [36mfrom[0m [32m"node:path"[0m;
  [90m  |[0m [33m[1m^^^^^^^^^^^^^^^^^^^^^^^^^^^^^[0m
  [90m3 |[0m
  [90m4 |[0m /**
  [90m5 |[0m  * 数据目录（便于 [33mDocker[0m 映射）。

Ecmascript file had an error

Import trace:
  Edge Instrumentation:
    ./lib/server/paths.ts
    ./lib/server/runtime-logger.ts
    ./instrumentation.ts


2026-09-14T13:10:02.383Z [WARN] [33m[1m⚠[22m[39m ./lib/server/runtime-logger.ts:2:1
[1m[33mWarning[39m: A Node.js module is loaded ('node:path' at line 2) which is not supported in the Edge Runtime.
    Learn More: https://nextjs.org/docs/messages/node-module-in-edge-runtime[22m
  [90m1 |[0m [36mimport[0m fs [36mfrom[0m [32m"node:fs"[0m;
[33m[1m>[0m [90m2 |[0m [36mimport[0m path [36mfrom[0m [32m"node:path"[0m;
  [90m  |[0m [33m[1m^^^^^^^^^^^^^^^^^^^^^^^^^^^^^[0m
  [90m3 |[0m [36mimport[0m { [33mDATA_DIR[0m } [36mfrom[0m [32m"./paths"[0m;
  [90m4 |[0m
  [90m5 |[0m [36mconst[0m [33mLOG_DIR[0m = path.join([33mDATA_DIR[0m, [32m"logs"[0m);

Ecmascript file had an error

Import trace:
  Edge Instrumentation:
    ./lib/server/runtime-logger.ts
    ./instrumentation.ts


2026-09-14T13:10:05.339Z [WARN] [33m[1m⚠[22m[39m ./lib/server/paths.ts:10:14
[1m[33mWarning[39m: A Node.js API is used (process.cwd at line: 10) which is not supported in the Edge Runtime.
    Learn more: https://nextjs.org/docs/api-reference/edge-runtime[22m
  [90m 8 |[0m [36mexport[0m [36mconst[0m [33mDATA_DIR[0m = process.env.[33mDATA_DIR[0m
  [90m 9 |[0m 	? path.resolve(process.env.[33mDATA_DIR[0m)
[33m[1m>[0m [90m10 |[0m 	: path.join(process.cwd(), [32m"data"[0m);
  [90m   |[0m             [33m[1m^^^^^^^^^^^[0m
  [90m11 |[0m
  [90m12 |[0m [36mconst[0m [33mSTRUCTURED_FILE_EXTENSIONS[0m = [[32m".yaml"[0m, [32m".yml"[0m, [32m".json"[0m] [36mas[0m [36mco...[0m
  [90m13 |[0m

Ecmascript file had an error

Import trace:
  Edge Instrumentation:
    ./lib/server/paths.ts
    ./lib/server/runtime-logger.ts
    ./instrumentation.ts


2026-09-14T13:10:05.346Z [WARN] [33m[1m⚠[22m[39m ./lib/server/runtime-logger.ts:52:50
[1m[33mWarning[39m: A Node.js API is used (process.pid at line: 52) which is not supported in the Edge Runtime.
    Learn more: https://nextjs.org/docs/api-reference/edge-runtime[22m
  [90m50 |[0m ...ues);
  [90m51 |[0m ...
[33m[1m>[0m [90m52 |[0m ...[32mer logger started"[0m, [32m`pid=[0m${process.pid[32m}`[0m]);
  [90m   |[0m                               [33m[1m^^^^^^^^^^^[0m
  [90m53 |[0m ...
  [90m54 |[0m ...
  [90m55 |[0m ...untimeError(error: unknown, requestPath?: string) {

Ecmascript file had an error

Import trace:
  Edge Instrumentation:
    ./lib/server/runtime-logger.ts
    ./instrumentation.ts


2026-09-14T13:10:05.352Z [WARN] [33m[1m⚠[22m[39m ./lib/server/paths.ts:1:1
[1m[33mWarning[39m: A Node.js module is loaded ('node:fs' at line 1) which is not supported in the Edge Runtime.
    Learn More: https://nextjs.org/docs/messages/node-module-in-edge-runtime[22m
[33m[1m>[0m [90m1 |[0m [36mimport[0m fs [36mfrom[0m [32m"node:fs"[0m;
  [90m  |[0m [33m[1m^^^^^^^^^^^^^^^^^^^^^^^^^[0m
  [90m2 |[0m [36mimport[0m path [36mfrom[0m [32m"node:path"[0m;
  [90m3 |[0m
  [90m4 |[0m /**

Ecmascript file had an error

Import trace:
  Edge Instrumentation:
    ./lib/server/paths.ts
    ./lib/server/runtime-logger.ts
    ./instrumentation.ts


2026-09-14T13:10:05.358Z [WARN] [33m[1m⚠[22m[39m ./lib/server/runtime-logger.ts:1:1
[1m[33mWarning[39m: A Node.js module is loaded ('node:fs' at line 1) which is not supported in the Edge Runtime.
    Learn More: https://nextjs.org/docs/messages/node-module-in-edge-runtime[22m
[33m[1m>[0m [90m1 |[0m [36mimport[0m fs [36mfrom[0m [32m"node:fs"[0m;
  [90m  |[0m [33m[1m^^^^^^^^^^^^^^^^^^^^^^^^^[0m
  [90m2 |[0m [36mimport[0m path [36mfrom[0m [32m"node:path"[0m;
  [90m3 |[0m [36mimport[0m { [33mDATA_DIR[0m } [36mfrom[0m [32m"./paths"[0m;
  [90m4 |[0m

Ecmascript file had an error

Import trace:
  Edge Instrumentation:
    ./lib/server/runtime-logger.ts
    ./instrumentation.ts


2026-09-14T13:10:05.364Z [WARN] [33m[1m⚠[22m[39m ./lib/server/paths.ts:2:1
[1m[33mWarning[39m: A Node.js module is loaded ('node:path' at line 2) which is not supported in the Edge Runtime.
    Learn More: https://nextjs.org/docs/messages/node-module-in-edge-runtime[22m
  [90m1 |[0m [36mimport[0m fs [36mfrom[0m [32m"node:fs"[0m;
[33m[1m>[0m [90m2 |[0m [36mimport[0m path [36mfrom[0m [32m"node:path"[0m;
  [90m  |[0m [33m[1m^^^^^^^^^^^^^^^^^^^^^^^^^^^^^[0m
  [90m3 |[0m
  [90m4 |[0m /**
  [90m5 |[0m  * 数据目录（便于 [33mDocker[0m 映射）。

Ecmascript file had an error

Import trace:
  Edge Instrumentation:
    ./lib/server/paths.ts
    ./lib/server/runtime-logger.ts
    ./instrumentation.ts


2026-09-14T13:10:05.370Z [WARN] [33m[1m⚠[22m[39m ./lib/server/runtime-logger.ts:2:1
[1m[33mWarning[39m: A Node.js module is loaded ('node:path' at line 2) which is not supported in the Edge Runtime.
    Learn More: https://nextjs.org/docs/messages/node-module-in-edge-runtime[22m
  [90m1 |[0m [36mimport[0m fs [36mfrom[0m [32m"node:fs"[0m;
[33m[1m>[0m [90m2 |[0m [36mimport[0m path [36mfrom[0m [32m"node:path"[0m;
  [90m  |[0m [33m[1m^^^^^^^^^^^^^^^^^^^^^^^^^^^^^[0m
  [90m3 |[0m [36mimport[0m { [33mDATA_DIR[0m } [36mfrom[0m [32m"./paths"[0m;
  [90m4 |[0m
  [90m5 |[0m [36mconst[0m [33mLOG_DIR[0m = path.join([33mDATA_DIR[0m, [32m"logs"[0m);

Ecmascript file had an error

Import trace:
  Edge Instrumentation:
    ./lib/server/runtime-logger.ts
    ./instrumentation.ts


2026-09-14T13:10:29.862Z [WARN] [33m[1m⚠[22m[39m ./lib/server/paths.ts:10:14
[1m[33mWarning[39m: A Node.js API is used (process.cwd at line: 10) which is not supported in the Edge Runtime.
    Learn more: https://nextjs.org/docs/api-reference/edge-runtime[22m
  [90m 8 |[0m [36mexport[0m [36mconst[0m [33mDATA_DIR[0m = process.env.[33mDATA_DIR[0m
  [90m 9 |[0m 	? path.resolve(process.env.[33mDATA_DIR[0m)
[33m[1m>[0m [90m10 |[0m 	: path.join(process.cwd(), [32m"data"[0m);
  [90m   |[0m             [33m[1m^^^^^^^^^^^[0m
  [90m11 |[0m
  [90m12 |[0m [36mconst[0m [33mSTRUCTURED_FILE_EXTENSIONS[0m = [[32m".yaml"[0m, [32m".yml"[0m, [32m".json"[0m] [36mas[0m [36mco...[0m
  [90m13 |[0m

Ecmascript file had an error

Import trace:
  Edge Instrumentation:
    ./lib/server/paths.ts
    ./lib/server/runtime-logger.ts
    ./instrumentation.ts


2026-09-14T13:10:29.868Z [WARN] [33m[1m⚠[22m[39m ./lib/server/runtime-logger.ts:52:50
[1m[33mWarning[39m: A Node.js API is used (process.pid at line: 52) which is not supported in the Edge Runtime.
    Learn more: https://nextjs.org/docs/api-reference/edge-runtime[22m
  [90m50 |[0m ...ues);
  [90m51 |[0m ...
[33m[1m>[0m [90m52 |[0m ...[32mer logger started"[0m, [32m`pid=[0m${process.pid[32m}`[0m]);
  [90m   |[0m                               [33m[1m^^^^^^^^^^^[0m
  [90m53 |[0m ...
  [90m54 |[0m ...
  [90m55 |[0m ...untimeError(error: unknown, requestPath?: string) {

Ecmascript file had an error

Import trace:
  Edge Instrumentation:
    ./lib/server/runtime-logger.ts
    ./instrumentation.ts


2026-09-14T13:10:29.874Z [WARN] [33m[1m⚠[22m[39m ./lib/server/paths.ts:1:1
[1m[33mWarning[39m: A Node.js module is loaded ('node:fs' at line 1) which is not supported in the Edge Runtime.
    Learn More: https://nextjs.org/docs/messages/node-module-in-edge-runtime[22m
[33m[1m>[0m [90m1 |[0m [36mimport[0m fs [36mfrom[0m [32m"node:fs"[0m;
  [90m  |[0m [33m[1m^^^^^^^^^^^^^^^^^^^^^^^^^[0m
  [90m2 |[0m [36mimport[0m path [36mfrom[0m [32m"node:path"[0m;
  [90m3 |[0m
  [90m4 |[0m /**

Ecmascript file had an error

Import trace:
  Edge Instrumentation:
    ./lib/server/paths.ts
    ./lib/server/runtime-logger.ts
    ./instrumentation.ts


2026-09-14T13:10:29.885Z [WARN] [33m[1m⚠[22m[39m ./lib/server/runtime-logger.ts:1:1
[1m[33mWarning[39m: A Node.js module is loaded ('node:fs' at line 1) which is not supported in the Edge Runtime.
    Learn More: https://nextjs.org/docs/messages/node-module-in-edge-runtime[22m
[33m[1m>[0m [90m1 |[0m [36mimport[0m fs [36mfrom[0m [32m"node:fs"[0m;
  [90m  |[0m [33m[1m^^^^^^^^^^^^^^^^^^^^^^^^^[0m
  [90m2 |[0m [36mimport[0m path [36mfrom[0m [32m"node:path"[0m;
  [90m3 |[0m [36mimport[0m { [33mDATA_DIR[0m } [36mfrom[0m [32m"./paths"[0m;
  [90m4 |[0m

Ecmascript file had an error

Import trace:
  Edge Instrumentation:
    ./lib/server/runtime-logger.ts
    ./instrumentation.ts


2026-09-14T13:10:29.892Z [WARN] [33m[1m⚠[22m[39m ./lib/server/paths.ts:2:1
[1m[33mWarning[39m: A Node.js module is loaded ('node:path' at line 2) which is not supported in the Edge Runtime.
    Learn More: https://nextjs.org/docs/messages/node-module-in-edge-runtime[22m
  [90m1 |[0m [36mimport[0m fs [36mfrom[0m [32m"node:fs"[0m;
[33m[1m>[0m [90m2 |[0m [36mimport[0m path [36mfrom[0m [32m"node:path"[0m;
  [90m  |[0m [33m[1m^^^^^^^^^^^^^^^^^^^^^^^^^^^^^[0m
  [90m3 |[0m
  [90m4 |[0m /**
  [90m5 |[0m  * 数据目录（便于 [33mDocker[0m 映射）。

Ecmascript file had an error

Import trace:
  Edge Instrumentation:
    ./lib/server/paths.ts
    ./lib/server/runtime-logger.ts
    ./instrumentation.ts


2026-09-14T13:10:29.900Z [WARN] [33m[1m⚠[22m[39m ./lib/server/runtime-logger.ts:2:1
[1m[33mWarning[39m: A Node.js module is loaded ('node:path' at line 2) which is not supported in the Edge Runtime.
    Learn More: https://nextjs.org/docs/messages/node-module-in-edge-runtime[22m
  [90m1 |[0m [36mimport[0m fs [36mfrom[0m [32m"node:fs"[0m;
[33m[1m>[0m [90m2 |[0m [36mimport[0m path [36mfrom[0m [32m"node:path"[0m;
  [90m  |[0m [33m[1m^^^^^^^^^^^^^^^^^^^^^^^^^^^^^[0m
  [90m3 |[0m [36mimport[0m { [33mDATA_DIR[0m } [36mfrom[0m [32m"./paths"[0m;
  [90m4 |[0m
  [90m5 |[0m [36mconst[0m [33mLOG_DIR[0m = path.join([33mDATA_DIR[0m, [32m"logs"[0m);

Ecmascript file had an error

Import trace:
  Edge Instrumentation:
    ./lib/server/runtime-logger.ts
    ./instrumentation.ts


2026-09-14T13:10:32.368Z [WARN] [33m[1m⚠[22m[39m ./lib/server/paths.ts:10:14
[1m[33mWarning[39m: A Node.js API is used (process.cwd at line: 10) which is not supported in the Edge Runtime.
    Learn more: https://nextjs.org/docs/api-reference/edge-runtime[22m
  [90m 8 |[0m [36mexport[0m [36mconst[0m [33mDATA_DIR[0m = process.env.[33mDATA_DIR[0m
  [90m 9 |[0m 	? path.resolve(process.env.[33mDATA_DIR[0m)
[33m[1m>[0m [90m10 |[0m 	: path.join(process.cwd(), [32m"data"[0m);
  [90m   |[0m             [33m[1m^^^^^^^^^^^[0m
  [90m11 |[0m
  [90m12 |[0m [36mconst[0m [33mSTRUCTURED_FILE_EXTENSIONS[0m = [[32m".yaml"[0m, [32m".yml"[0m, [32m".json"[0m] [36mas[0m [36mco...[0m
  [90m13 |[0m

Ecmascript file had an error

Import trace:
  Edge Instrumentation:
    ./lib/server/paths.ts
    ./lib/server/runtime-logger.ts
    ./instrumentation.ts


2026-09-14T13:10:32.376Z [WARN] [33m[1m⚠[22m[39m ./lib/server/runtime-logger.ts:52:50
[1m[33mWarning[39m: A Node.js API is used (process.pid at line: 52) which is not supported in the Edge Runtime.
    Learn more: https://nextjs.org/docs/api-reference/edge-runtime[22m
  [90m50 |[0m ...ues);
  [90m51 |[0m ...
[33m[1m>[0m [90m52 |[0m ...[32mer logger started"[0m, [32m`pid=[0m${process.pid[32m}`[0m]);
  [90m   |[0m                               [33m[1m^^^^^^^^^^^[0m
  [90m53 |[0m ...
  [90m54 |[0m ...
  [90m55 |[0m ...untimeError(error: unknown, requestPath?: string) {

Ecmascript file had an error

Import trace:
  Edge Instrumentation:
    ./lib/server/runtime-logger.ts
    ./instrumentation.ts


2026-09-14T13:10:32.385Z [WARN] [33m[1m⚠[22m[39m ./lib/server/paths.ts:1:1
[1m[33mWarning[39m: A Node.js module is loaded ('node:fs' at line 1) which is not supported in the Edge Runtime.
    Learn More: https://nextjs.org/docs/messages/node-module-in-edge-runtime[22m
[33m[1m>[0m [90m1 |[0m [36mimport[0m fs [36mfrom[0m [32m"node:fs"[0m;
  [90m  |[0m [33m[1m^^^^^^^^^^^^^^^^^^^^^^^^^[0m
  [90m2 |[0m [36mimport[0m path [36mfrom[0m [32m"node:path"[0m;
  [90m3 |[0m
  [90m4 |[0m /**

Ecmascript file had an error

Import trace:
  Edge Instrumentation:
    ./lib/server/paths.ts
    ./lib/server/runtime-logger.ts
    ./instrumentation.ts


2026-09-14T13:10:32.395Z [WARN] [33m[1m⚠[22m[39m ./lib/server/runtime-logger.ts:1:1
[1m[33mWarning[39m: A Node.js module is loaded ('node:fs' at line 1) which is not supported in the Edge Runtime.
    Learn More: https://nextjs.org/docs/messages/node-module-in-edge-runtime[22m
[33m[1m>[0m [90m1 |[0m [36mimport[0m fs [36mfrom[0m [32m"node:fs"[0m;
  [90m  |[0m [33m[1m^^^^^^^^^^^^^^^^^^^^^^^^^[0m
  [90m2 |[0m [36mimport[0m path [36mfrom[0m [32m"node:path"[0m;
  [90m3 |[0m [36mimport[0m { [33mDATA_DIR[0m } [36mfrom[0m [32m"./paths"[0m;
  [90m4 |[0m

Ecmascript file had an error

Import trace:
  Edge Instrumentation:
    ./lib/server/runtime-logger.ts
    ./instrumentation.ts


2026-09-14T13:10:32.404Z [WARN] [33m[1m⚠[22m[39m ./lib/server/paths.ts:2:1
[1m[33mWarning[39m: A Node.js module is loaded ('node:path' at line 2) which is not supported in the Edge Runtime.
    Learn More: https://nextjs.org/docs/messages/node-module-in-edge-runtime[22m
  [90m1 |[0m [36mimport[0m fs [36mfrom[0m [32m"node:fs"[0m;
[33m[1m>[0m [90m2 |[0m [36mimport[0m path [36mfrom[0m [32m"node:path"[0m;
  [90m  |[0m [33m[1m^^^^^^^^^^^^^^^^^^^^^^^^^^^^^[0m
  [90m3 |[0m
  [90m4 |[0m /**
  [90m5 |[0m  * 数据目录（便于 [33mDocker[0m 映射）。

Ecmascript file had an error

Import trace:
  Edge Instrumentation:
    ./lib/server/paths.ts
    ./lib/server/runtime-logger.ts
    ./instrumentation.ts


2026-09-14T13:10:32.414Z [WARN] [33m[1m⚠[22m[39m ./lib/server/runtime-logger.ts:2:1
[1m[33mWarning[39m: A Node.js module is loaded ('node:path' at line 2) which is not supported in the Edge Runtime.
    Learn More: https://nextjs.org/docs/messages/node-module-in-edge-runtime[22m
  [90m1 |[0m [36mimport[0m fs [36mfrom[0m [32m"node:fs"[0m;
[33m[1m>[0m [90m2 |[0m [36mimport[0m path [36mfrom[0m [32m"node:path"[0m;
  [90m  |[0m [33m[1m^^^^^^^^^^^^^^^^^^^^^^^^^^^^^[0m
  [90m3 |[0m [36mimport[0m { [33mDATA_DIR[0m } [36mfrom[0m [32m"./paths"[0m;
  [90m4 |[0m
  [90m5 |[0m [36mconst[0m [33mLOG_DIR[0m = path.join([33mDATA_DIR[0m, [32m"logs"[0m);

Ecmascript file had an error

Import trace:
  Edge Instrumentation:
    ./lib/server/runtime-logger.ts
    ./instrumentation.ts


2026-09-14T13:14:23.080Z [WARN] [33m[1m⚠[22m[39m ./lib/server/paths.ts:10:14
[1m[33mWarning[39m: A Node.js API is used (process.cwd at line: 10) which is not supported in the Edge Runtime.
    Learn more: https://nextjs.org/docs/api-reference/edge-runtime[22m
  [90m 8 |[0m [36mexport[0m [36mconst[0m [33mDATA_DIR[0m = process.env.[33mDATA_DIR[0m
  [90m 9 |[0m 	? path.resolve(process.env.[33mDATA_DIR[0m)
[33m[1m>[0m [90m10 |[0m 	: path.join(process.cwd(), [32m"data"[0m);
  [90m   |[0m             [33m[1m^^^^^^^^^^^[0m
  [90m11 |[0m
  [90m12 |[0m [36mconst[0m [33mSTRUCTURED_FILE_EXTENSIONS[0m = [[32m".yaml"[0m, [32m".yml"[0m, [32m".json"[0m] [36mas[0m [36mco...[0m
  [90m13 |[0m

Ecmascript file had an error

Import trace:
  Edge Instrumentation:
    ./lib/server/paths.ts
    ./lib/server/runtime-logger.ts
    ./instrumentation.ts


2026-09-14T13:14:23.087Z [WARN] [33m[1m⚠[22m[39m ./lib/server/runtime-logger.ts:52:50
[1m[33mWarning[39m: A Node.js API is used (process.pid at line: 52) which is not supported in the Edge Runtime.
    Learn more: https://nextjs.org/docs/api-reference/edge-runtime[22m
  [90m50 |[0m ...ues);
  [90m51 |[0m ...
[33m[1m>[0m [90m52 |[0m ...[32mer logger started"[0m, [32m`pid=[0m${process.pid[32m}`[0m]);
  [90m   |[0m                               [33m[1m^^^^^^^^^^^[0m
  [90m53 |[0m ...
  [90m54 |[0m ...
  [90m55 |[0m ...untimeError(error: unknown, requestPath?: string) {

Ecmascript file had an error

Import trace:
  Edge Instrumentation:
    ./lib/server/runtime-logger.ts
    ./instrumentation.ts


2026-09-14T13:14:23.102Z [WARN] [33m[1m⚠[22m[39m ./lib/server/paths.ts:1:1
[1m[33mWarning[39m: A Node.js module is loaded ('node:fs' at line 1) which is not supported in the Edge Runtime.
    Learn More: https://nextjs.org/docs/messages/node-module-in-edge-runtime[22m
[33m[1m>[0m [90m1 |[0m [36mimport[0m fs [36mfrom[0m [32m"node:fs"[0m;
  [90m  |[0m [33m[1m^^^^^^^^^^^^^^^^^^^^^^^^^[0m
  [90m2 |[0m [36mimport[0m path [36mfrom[0m [32m"node:path"[0m;
  [90m3 |[0m
  [90m4 |[0m /**

Ecmascript file had an error

Import trace:
  Edge Instrumentation:
    ./lib/server/paths.ts
    ./lib/server/runtime-logger.ts
    ./instrumentation.ts


2026-09-14T13:14:23.112Z [WARN] [33m[1m⚠[22m[39m ./lib/server/runtime-logger.ts:1:1
[1m[33mWarning[39m: A Node.js module is loaded ('node:fs' at line 1) which is not supported in the Edge Runtime.
    Learn More: https://nextjs.org/docs/messages/node-module-in-edge-runtime[22m
[33m[1m>[0m [90m1 |[0m [36mimport[0m fs [36mfrom[0m [32m"node:fs"[0m;
  [90m  |[0m [33m[1m^^^^^^^^^^^^^^^^^^^^^^^^^[0m
  [90m2 |[0m [36mimport[0m path [36mfrom[0m [32m"node:path"[0m;
  [90m3 |[0m [36mimport[0m { [33mDATA_DIR[0m } [36mfrom[0m [32m"./paths"[0m;
  [90m4 |[0m

Ecmascript file had an error

Import trace:
  Edge Instrumentation:
    ./lib/server/runtime-logger.ts
    ./instrumentation.ts


2026-09-14T13:14:23.123Z [WARN] [33m[1m⚠[22m[39m ./lib/server/paths.ts:2:1
[1m[33mWarning[39m: A Node.js module is loaded ('node:path' at line 2) which is not supported in the Edge Runtime.
    Learn More: https://nextjs.org/docs/messages/node-module-in-edge-runtime[22m
  [90m1 |[0m [36mimport[0m fs [36mfrom[0m [32m"node:fs"[0m;
[33m[1m>[0m [90m2 |[0m [36mimport[0m path [36mfrom[0m [32m"node:path"[0m;
  [90m  |[0m [33m[1m^^^^^^^^^^^^^^^^^^^^^^^^^^^^^[0m
  [90m3 |[0m
  [90m4 |[0m /**
  [90m5 |[0m  * 数据目录（便于 [33mDocker[0m 映射）。

Ecmascript file had an error

Import trace:
  Edge Instrumentation:
    ./lib/server/paths.ts
    ./lib/server/runtime-logger.ts
    ./instrumentation.ts


2026-09-14T13:14:23.134Z [WARN] [33m[1m⚠[22m[39m ./lib/server/runtime-logger.ts:2:1
[1m[33mWarning[39m: A Node.js module is loaded ('node:path' at line 2) which is not supported in the Edge Runtime.
    Learn More: https://nextjs.org/docs/messages/node-module-in-edge-runtime[22m
  [90m1 |[0m [36mimport[0m fs [36mfrom[0m [32m"node:fs"[0m;
[33m[1m>[0m [90m2 |[0m [36mimport[0m path [36mfrom[0m [32m"node:path"[0m;
  [90m  |[0m [33m[1m^^^^^^^^^^^^^^^^^^^^^^^^^^^^^[0m
  [90m3 |[0m [36mimport[0m { [33mDATA_DIR[0m } [36mfrom[0m [32m"./paths"[0m;
  [90m4 |[0m
  [90m5 |[0m [36mconst[0m [33mLOG_DIR[0m = path.join([33mDATA_DIR[0m, [32m"logs"[0m);

Ecmascript file had an error

Import trace:
  Edge Instrumentation:
    ./lib/server/runtime-logger.ts
    ./instrumentation.ts


2026-09-14T13:16:30.602Z [WARN] [33m[1m⚠[22m[39m ./lib/server/paths.ts:10:14
[1m[33mWarning[39m: A Node.js API is used (process.cwd at line: 10) which is not supported in the Edge Runtime.
    Learn more: https://nextjs.org/docs/api-reference/edge-runtime[22m
  [90m 8 |[0m [36mexport[0m [36mconst[0m [33mDATA_DIR[0m = process.env.[33mDATA_DIR[0m
  [90m 9 |[0m 	? path.resolve(process.env.[33mDATA_DIR[0m)
[33m[1m>[0m [90m10 |[0m 	: path.join(process.cwd(), [32m"data"[0m);
  [90m   |[0m             [33m[1m^^^^^^^^^^^[0m
  [90m11 |[0m
  [90m12 |[0m [36mconst[0m [33mSTRUCTURED_FILE_EXTENSIONS[0m = [[32m".yaml"[0m, [32m".yml"[0m, [32m".json"[0m] [36mas[0m [36mco...[0m
  [90m13 |[0m

Ecmascript file had an error

Import trace:
  Edge Instrumentation:
    ./lib/server/paths.ts
    ./lib/server/runtime-logger.ts
    ./instrumentation.ts


2026-09-14T13:16:30.610Z [WARN] [33m[1m⚠[22m[39m ./lib/server/runtime-logger.ts:52:50
[1m[33mWarning[39m: A Node.js API is used (process.pid at line: 52) which is not supported in the Edge Runtime.
    Learn more: https://nextjs.org/docs/api-reference/edge-runtime[22m
  [90m50 |[0m ...ues);
  [90m51 |[0m ...
[33m[1m>[0m [90m52 |[0m ...[32mer logger started"[0m, [32m`pid=[0m${process.pid[32m}`[0m]);
  [90m   |[0m                               [33m[1m^^^^^^^^^^^[0m
  [90m53 |[0m ...
  [90m54 |[0m ...
  [90m55 |[0m ...untimeError(error: unknown, requestPath?: string) {

Ecmascript file had an error

Import trace:
  Edge Instrumentation:
    ./lib/server/runtime-logger.ts
    ./instrumentation.ts


2026-09-14T13:16:30.619Z [WARN] [33m[1m⚠[22m[39m ./lib/server/paths.ts:1:1
[1m[33mWarning[39m: A Node.js module is loaded ('node:fs' at line 1) which is not supported in the Edge Runtime.
    Learn More: https://nextjs.org/docs/messages/node-module-in-edge-runtime[22m
[33m[1m>[0m [90m1 |[0m [36mimport[0m fs [36mfrom[0m [32m"node:fs"[0m;
  [90m  |[0m [33m[1m^^^^^^^^^^^^^^^^^^^^^^^^^[0m
  [90m2 |[0m [36mimport[0m path [36mfrom[0m [32m"node:path"[0m;
  [90m3 |[0m
  [90m4 |[0m /**

Ecmascript file had an error

Import trace:
  Edge Instrumentation:
    ./lib/server/paths.ts
    ./lib/server/runtime-logger.ts
    ./instrumentation.ts


2026-09-14T13:16:30.626Z [WARN] [33m[1m⚠[22m[39m ./lib/server/runtime-logger.ts:1:1
[1m[33mWarning[39m: A Node.js module is loaded ('node:fs' at line 1) which is not supported in the Edge Runtime.
    Learn More: https://nextjs.org/docs/messages/node-module-in-edge-runtime[22m
[33m[1m>[0m [90m1 |[0m [36mimport[0m fs [36mfrom[0m [32m"node:fs"[0m;
  [90m  |[0m [33m[1m^^^^^^^^^^^^^^^^^^^^^^^^^[0m
  [90m2 |[0m [36mimport[0m path [36mfrom[0m [32m"node:path"[0m;
  [90m3 |[0m [36mimport[0m { [33mDATA_DIR[0m } [36mfrom[0m [32m"./paths"[0m;
  [90m4 |[0m

Ecmascript file had an error

Import trace:
  Edge Instrumentation:
    ./lib/server/runtime-logger.ts
    ./instrumentation.ts


2026-09-14T13:16:30.633Z [WARN] [33m[1m⚠[22m[39m ./lib/server/paths.ts:2:1
[1m[33mWarning[39m: A Node.js module is loaded ('node:path' at line 2) which is not supported in the Edge Runtime.
    Learn More: https://nextjs.org/docs/messages/node-module-in-edge-runtime[22m
  [90m1 |[0m [36mimport[0m fs [36mfrom[0m [32m"node:fs"[0m;
[33m[1m>[0m [90m2 |[0m [36mimport[0m path [36mfrom[0m [32m"node:path"[0m;
  [90m  |[0m [33m[1m^^^^^^^^^^^^^^^^^^^^^^^^^^^^^[0m
  [90m3 |[0m
  [90m4 |[0m /**
  [90m5 |[0m  * 数据目录（便于 [33mDocker[0m 映射）。

Ecmascript file had an error

Import trace:
  Edge Instrumentation:
    ./lib/server/paths.ts
    ./lib/server/runtime-logger.ts
    ./instrumentation.ts


2026-09-14T13:16:30.642Z [WARN] [33m[1m⚠[22m[39m ./lib/server/runtime-logger.ts:2:1
[1m[33mWarning[39m: A Node.js module is loaded ('node:path' at line 2) which is not supported in the Edge Runtime.
    Learn More: https://nextjs.org/docs/messages/node-module-in-edge-runtime[22m
  [90m1 |[0m [36mimport[0m fs [36mfrom[0m [32m"node:fs"[0m;
[33m[1m>[0m [90m2 |[0m [36mimport[0m path [36mfrom[0m [32m"node:path"[0m;
  [90m  |[0m [33m[1m^^^^^^^^^^^^^^^^^^^^^^^^^^^^^[0m
  [90m3 |[0m [36mimport[0m { [33mDATA_DIR[0m } [36mfrom[0m [32m"./paths"[0m;
  [90m4 |[0m
  [90m5 |[0m [36mconst[0m [33mLOG_DIR[0m = path.join([33mDATA_DIR[0m, [32m"logs"[0m);

Ecmascript file had an error

Import trace:
  Edge Instrumentation:
    ./lib/server/runtime-logger.ts
    ./instrumentation.ts


2026-09-14T13:16:33.462Z [WARN] [33m[1m⚠[22m[39m ./lib/server/paths.ts:10:14
[1m[33mWarning[39m: A Node.js API is used (process.cwd at line: 10) which is not supported in the Edge Runtime.
    Learn more: https://nextjs.org/docs/api-reference/edge-runtime[22m
  [90m 8 |[0m [36mexport[0m [36mconst[0m [33mDATA_DIR[0m = process.env.[33mDATA_DIR[0m
  [90m 9 |[0m 	? path.resolve(process.env.[33mDATA_DIR[0m)
[33m[1m>[0m [90m10 |[0m 	: path.join(process.cwd(), [32m"data"[0m);
  [90m   |[0m             [33m[1m^^^^^^^^^^^[0m
  [90m11 |[0m
  [90m12 |[0m [36mconst[0m [33mSTRUCTURED_FILE_EXTENSIONS[0m = [[32m".yaml"[0m, [32m".yml"[0m, [32m".json"[0m] [36mas[0m [36mco...[0m
  [90m13 |[0m

Ecmascript file had an error

Import trace:
  Edge Instrumentation:
    ./lib/server/paths.ts
    ./lib/server/runtime-logger.ts
    ./instrumentation.ts


2026-09-14T13:16:33.469Z [WARN] [33m[1m⚠[22m[39m ./lib/server/runtime-logger.ts:52:50
[1m[33mWarning[39m: A Node.js API is used (process.pid at line: 52) which is not supported in the Edge Runtime.
    Learn more: https://nextjs.org/docs/api-reference/edge-runtime[22m
  [90m50 |[0m ...ues);
  [90m51 |[0m ...
[33m[1m>[0m [90m52 |[0m ...[32mer logger started"[0m, [32m`pid=[0m${process.pid[32m}`[0m]);
  [90m   |[0m                               [33m[1m^^^^^^^^^^^[0m
  [90m53 |[0m ...
  [90m54 |[0m ...
  [90m55 |[0m ...untimeError(error: unknown, requestPath?: string) {

Ecmascript file had an error

Import trace:
  Edge Instrumentation:
    ./lib/server/runtime-logger.ts
    ./instrumentation.ts


2026-09-14T13:16:33.475Z [WARN] [33m[1m⚠[22m[39m ./lib/server/paths.ts:1:1
[1m[33mWarning[39m: A Node.js module is loaded ('node:fs' at line 1) which is not supported in the Edge Runtime.
    Learn More: https://nextjs.org/docs/messages/node-module-in-edge-runtime[22m
[33m[1m>[0m [90m1 |[0m [36mimport[0m fs [36mfrom[0m [32m"node:fs"[0m;
  [90m  |[0m [33m[1m^^^^^^^^^^^^^^^^^^^^^^^^^[0m
  [90m2 |[0m [36mimport[0m path [36mfrom[0m [32m"node:path"[0m;
  [90m3 |[0m
  [90m4 |[0m /**

Ecmascript file had an error

Import trace:
  Edge Instrumentation:
    ./lib/server/paths.ts
    ./lib/server/runtime-logger.ts
    ./instrumentation.ts


2026-09-14T13:16:33.484Z [WARN] [33m[1m⚠[22m[39m ./lib/server/runtime-logger.ts:1:1
[1m[33mWarning[39m: A Node.js module is loaded ('node:fs' at line 1) which is not supported in the Edge Runtime.
    Learn More: https://nextjs.org/docs/messages/node-module-in-edge-runtime[22m
[33m[1m>[0m [90m1 |[0m [36mimport[0m fs [36mfrom[0m [32m"node:fs"[0m;
  [90m  |[0m [33m[1m^^^^^^^^^^^^^^^^^^^^^^^^^[0m
  [90m2 |[0m [36mimport[0m path [36mfrom[0m [32m"node:path"[0m;
  [90m3 |[0m [36mimport[0m { [33mDATA_DIR[0m } [36mfrom[0m [32m"./paths"[0m;
  [90m4 |[0m

Ecmascript file had an error

Import trace:
  Edge Instrumentation:
    ./lib/server/runtime-logger.ts
    ./instrumentation.ts


2026-09-14T13:16:33.491Z [WARN] [33m[1m⚠[22m[39m ./lib/server/paths.ts:2:1
[1m[33mWarning[39m: A Node.js module is loaded ('node:path' at line 2) which is not supported in the Edge Runtime.
    Learn More: https://nextjs.org/docs/messages/node-module-in-edge-runtime[22m
  [90m1 |[0m [36mimport[0m fs [36mfrom[0m [32m"node:fs"[0m;
[33m[1m>[0m [90m2 |[0m [36mimport[0m path [36mfrom[0m [32m"node:path"[0m;
  [90m  |[0m [33m[1m^^^^^^^^^^^^^^^^^^^^^^^^^^^^^[0m
  [90m3 |[0m
  [90m4 |[0m /**
  [90m5 |[0m  * 数据目录（便于 [33mDocker[0m 映射）。

Ecmascript file had an error

Import trace:
  Edge Instrumentation:
    ./lib/server/paths.ts
    ./lib/server/runtime-logger.ts
    ./instrumentation.ts


2026-09-14T13:16:33.498Z [WARN] [33m[1m⚠[22m[39m ./lib/server/runtime-logger.ts:2:1
[1m[33mWarning[39m: A Node.js module is loaded ('node:path' at line 2) which is not supported in the Edge Runtime.
    Learn More: https://nextjs.org/docs/messages/node-module-in-edge-runtime[22m
  [90m1 |[0m [36mimport[0m fs [36mfrom[0m [32m"node:fs"[0m;
[33m[1m>[0m [90m2 |[0m [36mimport[0m path [36mfrom[0m [32m"node:path"[0m;
  [90m  |[0m [33m[1m^^^^^^^^^^^^^^^^^^^^^^^^^^^^^[0m
  [90m3 |[0m [36mimport[0m { [33mDATA_DIR[0m } [36mfrom[0m [32m"./paths"[0m;
  [90m4 |[0m
  [90m5 |[0m [36mconst[0m [33mLOG_DIR[0m = path.join([33mDATA_DIR[0m, [32m"logs"[0m);

Ecmascript file had an error

Import trace:
  Edge Instrumentation:
    ./lib/server/runtime-logger.ts
    ./instrumentation.ts


2026-09-14T13:16:42.256Z [WARN] [33m[1m⚠[22m[39m ./lib/server/paths.ts:10:14
[1m[33mWarning[39m: A Node.js API is used (process.cwd at line: 10) which is not supported in the Edge Runtime.
    Learn more: https://nextjs.org/docs/api-reference/edge-runtime[22m
  [90m 8 |[0m [36mexport[0m [36mconst[0m [33mDATA_DIR[0m = process.env.[33mDATA_DIR[0m
  [90m 9 |[0m 	? path.resolve(process.env.[33mDATA_DIR[0m)
[33m[1m>[0m [90m10 |[0m 	: path.join(process.cwd(), [32m"data"[0m);
  [90m   |[0m             [33m[1m^^^^^^^^^^^[0m
  [90m11 |[0m
  [90m12 |[0m [36mconst[0m [33mSTRUCTURED_FILE_EXTENSIONS[0m = [[32m".yaml"[0m, [32m".yml"[0m, [32m".json"[0m] [36mas[0m [36mco...[0m
  [90m13 |[0m

Ecmascript file had an error

Import trace:
  Edge Instrumentation:
    ./lib/server/paths.ts
    ./lib/server/runtime-logger.ts
    ./instrumentation.ts


2026-09-14T13:16:42.263Z [WARN] [33m[1m⚠[22m[39m ./lib/server/runtime-logger.ts:52:50
[1m[33mWarning[39m: A Node.js API is used (process.pid at line: 52) which is not supported in the Edge Runtime.
    Learn more: https://nextjs.org/docs/api-reference/edge-runtime[22m
  [90m50 |[0m ...ues);
  [90m51 |[0m ...
[33m[1m>[0m [90m52 |[0m ...[32mer logger started"[0m, [32m`pid=[0m${process.pid[32m}`[0m]);
  [90m   |[0m                               [33m[1m^^^^^^^^^^^[0m
  [90m53 |[0m ...
  [90m54 |[0m ...
  [90m55 |[0m ...untimeError(error: unknown, requestPath?: string) {

Ecmascript file had an error

Import trace:
  Edge Instrumentation:
    ./lib/server/runtime-logger.ts
    ./instrumentation.ts


2026-09-14T13:16:42.268Z [WARN] [33m[1m⚠[22m[39m ./lib/server/paths.ts:1:1
[1m[33mWarning[39m: A Node.js module is loaded ('node:fs' at line 1) which is not supported in the Edge Runtime.
    Learn More: https://nextjs.org/docs/messages/node-module-in-edge-runtime[22m
[33m[1m>[0m [90m1 |[0m [36mimport[0m fs [36mfrom[0m [32m"node:fs"[0m;
  [90m  |[0m [33m[1m^^^^^^^^^^^^^^^^^^^^^^^^^[0m
  [90m2 |[0m [36mimport[0m path [36mfrom[0m [32m"node:path"[0m;
  [90m3 |[0m
  [90m4 |[0m /**

Ecmascript file had an error

Import trace:
  Edge Instrumentation:
    ./lib/server/paths.ts
    ./lib/server/runtime-logger.ts
    ./instrumentation.ts


2026-09-14T13:16:42.276Z [WARN] [33m[1m⚠[22m[39m ./lib/server/runtime-logger.ts:1:1
[1m[33mWarning[39m: A Node.js module is loaded ('node:fs' at line 1) which is not supported in the Edge Runtime.
    Learn More: https://nextjs.org/docs/messages/node-module-in-edge-runtime[22m
[33m[1m>[0m [90m1 |[0m [36mimport[0m fs [36mfrom[0m [32m"node:fs"[0m;
  [90m  |[0m [33m[1m^^^^^^^^^^^^^^^^^^^^^^^^^[0m
  [90m2 |[0m [36mimport[0m path [36mfrom[0m [32m"node:path"[0m;
  [90m3 |[0m [36mimport[0m { [33mDATA_DIR[0m } [36mfrom[0m [32m"./paths"[0m;
  [90m4 |[0m

Ecmascript file had an error

Import trace:
  Edge Instrumentation:
    ./lib/server/runtime-logger.ts
    ./instrumentation.ts


2026-09-14T13:16:42.283Z [WARN] [33m[1m⚠[22m[39m ./lib/server/paths.ts:2:1
[1m[33mWarning[39m: A Node.js module is loaded ('node:path' at line 2) which is not supported in the Edge Runtime.
    Learn More: https://nextjs.org/docs/messages/node-module-in-edge-runtime[22m
  [90m1 |[0m [36mimport[0m fs [36mfrom[0m [32m"node:fs"[0m;
[33m[1m>[0m [90m2 |[0m [36mimport[0m path [36mfrom[0m [32m"node:path"[0m;
  [90m  |[0m [33m[1m^^^^^^^^^^^^^^^^^^^^^^^^^^^^^[0m
  [90m3 |[0m
  [90m4 |[0m /**
  [90m5 |[0m  * 数据目录（便于 [33mDocker[0m 映射）。

Ecmascript file had an error

Import trace:
  Edge Instrumentation:
    ./lib/server/paths.ts
    ./lib/server/runtime-logger.ts
    ./instrumentation.ts


2026-09-14T13:16:42.293Z [WARN] [33m[1m⚠[22m[39m ./lib/server/runtime-logger.ts:2:1
[1m[33mWarning[39m: A Node.js module is loaded ('node:path' at line 2) which is not supported in the Edge Runtime.
    Learn More: https://nextjs.org/docs/messages/node-module-in-edge-runtime[22m
  [90m1 |[0m [36mimport[0m fs [36mfrom[0m [32m"node:fs"[0m;
[33m[1m>[0m [90m2 |[0m [36mimport[0m path [36mfrom[0m [32m"node:path"[0m;
  [90m  |[0m [33m[1m^^^^^^^^^^^^^^^^^^^^^^^^^^^^^[0m
  [90m3 |[0m [36mimport[0m { [33mDATA_DIR[0m } [36mfrom[0m [32m"./paths"[0m;
  [90m4 |[0m
  [90m5 |[0m [36mconst[0m [33mLOG_DIR[0m = path.join([33mDATA_DIR[0m, [32m"logs"[0m);

Ecmascript file had an error

Import trace:
  Edge Instrumentation:
    ./lib/server/runtime-logger.ts
    ./instrumentation.ts


2026-09-14T13:16:45.153Z [WARN] [33m[1m⚠[22m[39m ./lib/server/paths.ts:10:14
[1m[33mWarning[39m: A Node.js API is used (process.cwd at line: 10) which is not supported in the Edge Runtime.
    Learn more: https://nextjs.org/docs/api-reference/edge-runtime[22m
  [90m 8 |[0m [36mexport[0m [36mconst[0m [33mDATA_DIR[0m = process.env.[33mDATA_DIR[0m
  [90m 9 |[0m 	? path.resolve(process.env.[33mDATA_DIR[0m)
[33m[1m>[0m [90m10 |[0m 	: path.join(process.cwd(), [32m"data"[0m);
  [90m   |[0m             [33m[1m^^^^^^^^^^^[0m
  [90m11 |[0m
  [90m12 |[0m [36mconst[0m [33mSTRUCTURED_FILE_EXTENSIONS[0m = [[32m".yaml"[0m, [32m".yml"[0m, [32m".json"[0m] [36mas[0m [36mco...[0m
  [90m13 |[0m

Ecmascript file had an error

Import trace:
  Edge Instrumentation:
    ./lib/server/paths.ts
    ./lib/server/runtime-logger.ts
    ./instrumentation.ts


2026-09-14T13:16:45.164Z [WARN] [33m[1m⚠[22m[39m ./lib/server/runtime-logger.ts:52:50
[1m[33mWarning[39m: A Node.js API is used (process.pid at line: 52) which is not supported in the Edge Runtime.
    Learn more: https://nextjs.org/docs/api-reference/edge-runtime[22m
  [90m50 |[0m ...ues);
  [90m51 |[0m ...
[33m[1m>[0m [90m52 |[0m ...[32mer logger started"[0m, [32m`pid=[0m${process.pid[32m}`[0m]);
  [90m   |[0m                               [33m[1m^^^^^^^^^^^[0m
  [90m53 |[0m ...
  [90m54 |[0m ...
  [90m55 |[0m ...untimeError(error: unknown, requestPath?: string) {

Ecmascript file had an error

Import trace:
  Edge Instrumentation:
    ./lib/server/runtime-logger.ts
    ./instrumentation.ts


2026-09-14T13:16:45.219Z [WARN] [33m[1m⚠[22m[39m ./lib/server/paths.ts:1:1
[1m[33mWarning[39m: A Node.js module is loaded ('node:fs' at line 1) which is not supported in the Edge Runtime.
    Learn More: https://nextjs.org/docs/messages/node-module-in-edge-runtime[22m
[33m[1m>[0m [90m1 |[0m [36mimport[0m fs [36mfrom[0m [32m"node:fs"[0m;
  [90m  |[0m [33m[1m^^^^^^^^^^^^^^^^^^^^^^^^^[0m
  [90m2 |[0m [36mimport[0m path [36mfrom[0m [32m"node:path"[0m;
  [90m3 |[0m
  [90m4 |[0m /**

Ecmascript file had an error

Import trace:
  Edge Instrumentation:
    ./lib/server/paths.ts
    ./lib/server/runtime-logger.ts
    ./instrumentation.ts


2026-09-14T13:16:45.279Z [WARN] [33m[1m⚠[22m[39m ./lib/server/runtime-logger.ts:1:1
[1m[33mWarning[39m: A Node.js module is loaded ('node:fs' at line 1) which is not supported in the Edge Runtime.
    Learn More: https://nextjs.org/docs/messages/node-module-in-edge-runtime[22m
[33m[1m>[0m [90m1 |[0m [36mimport[0m fs [36mfrom[0m [32m"node:fs"[0m;
  [90m  |[0m [33m[1m^^^^^^^^^^^^^^^^^^^^^^^^^[0m
  [90m2 |[0m [36mimport[0m path [36mfrom[0m [32m"node:path"[0m;
  [90m3 |[0m [36mimport[0m { [33mDATA_DIR[0m } [36mfrom[0m [32m"./paths"[0m;
  [90m4 |[0m

Ecmascript file had an error

Import trace:
  Edge Instrumentation:
    ./lib/server/runtime-logger.ts
    ./instrumentation.ts


2026-09-14T13:16:45.293Z [WARN] [33m[1m⚠[22m[39m ./lib/server/paths.ts:2:1
[1m[33mWarning[39m: A Node.js module is loaded ('node:path' at line 2) which is not supported in the Edge Runtime.
    Learn More: https://nextjs.org/docs/messages/node-module-in-edge-runtime[22m
  [90m1 |[0m [36mimport[0m fs [36mfrom[0m [32m"node:fs"[0m;
[33m[1m>[0m [90m2 |[0m [36mimport[0m path [36mfrom[0m [32m"node:path"[0m;
  [90m  |[0m [33m[1m^^^^^^^^^^^^^^^^^^^^^^^^^^^^^[0m
  [90m3 |[0m
  [90m4 |[0m /**
  [90m5 |[0m  * 数据目录（便于 [33mDocker[0m 映射）。

Ecmascript file had an error

Import trace:
  Edge Instrumentation:
    ./lib/server/paths.ts
    ./lib/server/runtime-logger.ts
    ./instrumentation.ts


2026-09-14T13:16:45.301Z [WARN] [33m[1m⚠[22m[39m ./lib/server/runtime-logger.ts:2:1
[1m[33mWarning[39m: A Node.js module is loaded ('node:path' at line 2) which is not supported in the Edge Runtime.
    Learn More: https://nextjs.org/docs/messages/node-module-in-edge-runtime[22m
  [90m1 |[0m [36mimport[0m fs [36mfrom[0m [32m"node:fs"[0m;
[33m[1m>[0m [90m2 |[0m [36mimport[0m path [36mfrom[0m [32m"node:path"[0m;
  [90m  |[0m [33m[1m^^^^^^^^^^^^^^^^^^^^^^^^^^^^^[0m
  [90m3 |[0m [36mimport[0m { [33mDATA_DIR[0m } [36mfrom[0m [32m"./paths"[0m;
  [90m4 |[0m
  [90m5 |[0m [36mconst[0m [33mLOG_DIR[0m = path.join([33mDATA_DIR[0m, [32m"logs"[0m);

Ecmascript file had an error

Import trace:
  Edge Instrumentation:
    ./lib/server/runtime-logger.ts
    ./instrumentation.ts


2026-09-15T15:12:51.676Z [INFO] server logger started pid=30620
2026-09-15T15:12:52.852Z [WARN] [33m[1m⚠[22m[39m ./lib/server/paths.ts:10:14
[1m[33mWarning[39m: A Node.js API is used (process.cwd at line: 10) which is not supported in the Edge Runtime.
    Learn more: https://nextjs.org/docs/api-reference/edge-runtime[22m
  [90m 8 |[0m [36mexport[0m [36mconst[0m [33mDATA_DIR[0m = process.env.[33mDATA_DIR[0m
  [90m 9 |[0m 	? path.resolve(process.env.[33mDATA_DIR[0m)
[33m[1m>[0m [90m10 |[0m 	: path.join(process.cwd(), [32m"data"[0m);
  [90m   |[0m             [33m[1m^^^^^^^^^^^[0m
  [90m11 |[0m
  [90m12 |[0m [36mconst[0m [33mSTRUCTURED_FILE_EXTENSIONS[0m = [[32m".yaml"[0m, [32m".yml"[0m, [32m".json"[0m] [36mas[0m [36mco...[0m
  [90m13 |[0m

Ecmascript file had an error

Import trace:
  Edge Instrumentation:
    ./lib/server/paths.ts
    ./lib/server/runtime-logger.ts
    ./instrumentation.ts


2026-09-15T15:12:52.864Z [WARN] [33m[1m⚠[22m[39m ./lib/server/runtime-logger.ts:52:50
[1m[33mWarning[39m: A Node.js API is used (process.pid at line: 52) which is not supported in the Edge Runtime.
    Learn more: https://nextjs.org/docs/api-reference/edge-runtime[22m
  [90m50 |[0m ...ues);
  [90m51 |[0m ...
[33m[1m>[0m [90m52 |[0m ...[32mer logger started"[0m, [32m`pid=[0m${process.pid[32m}`[0m]);
  [90m   |[0m                               [33m[1m^^^^^^^^^^^[0m
  [90m53 |[0m ...
  [90m54 |[0m ...
  [90m55 |[0m ...untimeError(error: unknown, requestPath?: string) {

Ecmascript file had an error

Import trace:
  Edge Instrumentation:
    ./lib/server/runtime-logger.ts
    ./instrumentation.ts


2026-09-15T15:12:52.872Z [WARN] [33m[1m⚠[22m[39m ./lib/server/paths.ts:1:1
[1m[33mWarning[39m: A Node.js module is loaded ('node:fs' at line 1) which is not supported in the Edge Runtime.
    Learn More: https://nextjs.org/docs/messages/node-module-in-edge-runtime[22m
[33m[1m>[0m [90m1 |[0m [36mimport[0m fs [36mfrom[0m [32m"node:fs"[0m;
  [90m  |[0m [33m[1m^^^^^^^^^^^^^^^^^^^^^^^^^[0m
  [90m2 |[0m [36mimport[0m path [36mfrom[0m [32m"node:path"[0m;
  [90m3 |[0m
  [90m4 |[0m /**

Ecmascript file had an error

Import trace:
  Edge Instrumentation:
    ./lib/server/paths.ts
    ./lib/server/runtime-logger.ts
    ./instrumentation.ts


2026-09-15T15:12:52.881Z [WARN] [33m[1m⚠[22m[39m ./lib/server/runtime-logger.ts:1:1
[1m[33mWarning[39m: A Node.js module is loaded ('node:fs' at line 1) which is not supported in the Edge Runtime.
    Learn More: https://nextjs.org/docs/messages/node-module-in-edge-runtime[22m
[33m[1m>[0m [90m1 |[0m [36mimport[0m fs [36mfrom[0m [32m"node:fs"[0m;
  [90m  |[0m [33m[1m^^^^^^^^^^^^^^^^^^^^^^^^^[0m
  [90m2 |[0m [36mimport[0m path [36mfrom[0m [32m"node:path"[0m;
  [90m3 |[0m [36mimport[0m { [33mDATA_DIR[0m } [36mfrom[0m [32m"./paths"[0m;
  [90m4 |[0m

Ecmascript file had an error

Import trace:
  Edge Instrumentation:
    ./lib/server/runtime-logger.ts
    ./instrumentation.ts


2026-09-15T15:12:52.929Z [WARN] [33m[1m⚠[22m[39m ./lib/server/paths.ts:2:1
[1m[33mWarning[39m: A Node.js module is loaded ('node:path' at line 2) which is not supported in the Edge Runtime.
    Learn More: https://nextjs.org/docs/messages/node-module-in-edge-runtime[22m
  [90m1 |[0m [36mimport[0m fs [36mfrom[0m [32m"node:fs"[0m;
[33m[1m>[0m [90m2 |[0m [36mimport[0m path [36mfrom[0m [32m"node:path"[0m;
  [90m  |[0m [33m[1m^^^^^^^^^^^^^^^^^^^^^^^^^^^^^[0m
  [90m3 |[0m
  [90m4 |[0m /**
  [90m5 |[0m  * 数据目录（便于 [33mDocker[0m 映射）。

Ecmascript file had an error

Import trace:
  Edge Instrumentation:
    ./lib/server/paths.ts
    ./lib/server/runtime-logger.ts
    ./instrumentation.ts


2026-09-15T15:12:52.981Z [WARN] [33m[1m⚠[22m[39m ./lib/server/runtime-logger.ts:2:1
[1m[33mWarning[39m: A Node.js module is loaded ('node:path' at line 2) which is not supported in the Edge Runtime.
    Learn More: https://nextjs.org/docs/messages/node-module-in-edge-runtime[22m
  [90m1 |[0m [36mimport[0m fs [36mfrom[0m [32m"node:fs"[0m;
[33m[1m>[0m [90m2 |[0m [36mimport[0m path [36mfrom[0m [32m"node:path"[0m;
  [90m  |[0m [33m[1m^^^^^^^^^^^^^^^^^^^^^^^^^^^^^[0m
  [90m3 |[0m [36mimport[0m { [33mDATA_DIR[0m } [36mfrom[0m [32m"./paths"[0m;
  [90m4 |[0m
  [90m5 |[0m [36mconst[0m [33mLOG_DIR[0m = path.join([33mDATA_DIR[0m, [32m"logs"[0m);

Ecmascript file had an error

Import trace:
  Edge Instrumentation:
    ./lib/server/runtime-logger.ts
    ./instrumentation.ts


2026-09-15T15:12:55.293Z [WARN] [33m[1m⚠[22m[39m ./lib/server/paths.ts:10:14
[1m[33mWarning[39m: A Node.js API is used (process.cwd at line: 10) which is not supported in the Edge Runtime.
    Learn more: https://nextjs.org/docs/api-reference/edge-runtime[22m
  [90m 8 |[0m [36mexport[0m [36mconst[0m [33mDATA_DIR[0m = process.env.[33mDATA_DIR[0m
  [90m 9 |[0m 	? path.resolve(process.env.[33mDATA_DIR[0m)
[33m[1m>[0m [90m10 |[0m 	: path.join(process.cwd(), [32m"data"[0m);
  [90m   |[0m             [33m[1m^^^^^^^^^^^[0m
  [90m11 |[0m
  [90m12 |[0m [36mconst[0m [33mSTRUCTURED_FILE_EXTENSIONS[0m = [[32m".yaml"[0m, [32m".yml"[0m, [32m".json"[0m] [36mas[0m [36mco...[0m
  [90m13 |[0m

Ecmascript file had an error

Import trace:
  Edge Instrumentation:
    ./lib/server/paths.ts
    ./lib/server/runtime-logger.ts
    ./instrumentation.ts


2026-09-15T15:12:55.305Z [WARN] [33m[1m⚠[22m[39m ./lib/server/runtime-logger.ts:52:50
[1m[33mWarning[39m: A Node.js API is used (process.pid at line: 52) which is not supported in the Edge Runtime.
    Learn more: https://nextjs.org/docs/api-reference/edge-runtime[22m
  [90m50 |[0m ...ues);
  [90m51 |[0m ...
[33m[1m>[0m [90m52 |[0m ...[32mer logger started"[0m, [32m`pid=[0m${process.pid[32m}`[0m]);
  [90m   |[0m                               [33m[1m^^^^^^^^^^^[0m
  [90m53 |[0m ...
  [90m54 |[0m ...
  [90m55 |[0m ...untimeError(error: unknown, requestPath?: string) {

Ecmascript file had an error

Import trace:
  Edge Instrumentation:
    ./lib/server/runtime-logger.ts
    ./instrumentation.ts


2026-09-15T15:12:55.318Z [WARN] [33m[1m⚠[22m[39m ./lib/server/paths.ts:1:1
[1m[33mWarning[39m: A Node.js module is loaded ('node:fs' at line 1) which is not supported in the Edge Runtime.
    Learn More: https://nextjs.org/docs/messages/node-module-in-edge-runtime[22m
[33m[1m>[0m [90m1 |[0m [36mimport[0m fs [36mfrom[0m [32m"node:fs"[0m;
  [90m  |[0m [33m[1m^^^^^^^^^^^^^^^^^^^^^^^^^[0m
  [90m2 |[0m [36mimport[0m path [36mfrom[0m [32m"node:path"[0m;
  [90m3 |[0m
  [90m4 |[0m /**

Ecmascript file had an error

Import trace:
  Edge Instrumentation:
    ./lib/server/paths.ts
    ./lib/server/runtime-logger.ts
    ./instrumentation.ts


2026-09-15T15:12:55.330Z [WARN] [33m[1m⚠[22m[39m ./lib/server/runtime-logger.ts:1:1
[1m[33mWarning[39m: A Node.js module is loaded ('node:fs' at line 1) which is not supported in the Edge Runtime.
    Learn More: https://nextjs.org/docs/messages/node-module-in-edge-runtime[22m
[33m[1m>[0m [90m1 |[0m [36mimport[0m fs [36mfrom[0m [32m"node:fs"[0m;
  [90m  |[0m [33m[1m^^^^^^^^^^^^^^^^^^^^^^^^^[0m
  [90m2 |[0m [36mimport[0m path [36mfrom[0m [32m"node:path"[0m;
  [90m3 |[0m [36mimport[0m { [33mDATA_DIR[0m } [36mfrom[0m [32m"./paths"[0m;
  [90m4 |[0m

Ecmascript file had an error

Import trace:
  Edge Instrumentation:
    ./lib/server/runtime-logger.ts
    ./instrumentation.ts


2026-09-15T15:12:55.347Z [WARN] [33m[1m⚠[22m[39m ./lib/server/paths.ts:2:1
[1m[33mWarning[39m: A Node.js module is loaded ('node:path' at line 2) which is not supported in the Edge Runtime.
    Learn More: https://nextjs.org/docs/messages/node-module-in-edge-runtime[22m
  [90m1 |[0m [36mimport[0m fs [36mfrom[0m [32m"node:fs"[0m;
[33m[1m>[0m [90m2 |[0m [36mimport[0m path [36mfrom[0m [32m"node:path"[0m;
  [90m  |[0m [33m[1m^^^^^^^^^^^^^^^^^^^^^^^^^^^^^[0m
  [90m3 |[0m
  [90m4 |[0m /**
  [90m5 |[0m  * 数据目录（便于 [33mDocker[0m 映射）。

Ecmascript file had an error

Import trace:
  Edge Instrumentation:
    ./lib/server/paths.ts
    ./lib/server/runtime-logger.ts
    ./instrumentation.ts


2026-09-15T15:12:55.361Z [WARN] [33m[1m⚠[22m[39m ./lib/server/runtime-logger.ts:2:1
[1m[33mWarning[39m: A Node.js module is loaded ('node:path' at line 2) which is not supported in the Edge Runtime.
    Learn More: https://nextjs.org/docs/messages/node-module-in-edge-runtime[22m
  [90m1 |[0m [36mimport[0m fs [36mfrom[0m [32m"node:fs"[0m;
[33m[1m>[0m [90m2 |[0m [36mimport[0m path [36mfrom[0m [32m"node:path"[0m;
  [90m  |[0m [33m[1m^^^^^^^^^^^^^^^^^^^^^^^^^^^^^[0m
  [90m3 |[0m [36mimport[0m { [33mDATA_DIR[0m } [36mfrom[0m [32m"./paths"[0m;
  [90m4 |[0m
  [90m5 |[0m [36mconst[0m [33mLOG_DIR[0m = path.join([33mDATA_DIR[0m, [32m"logs"[0m);

Ecmascript file had an error

Import trace:
  Edge Instrumentation:
    ./lib/server/runtime-logger.ts
    ./instrumentation.ts


2026-09-15T15:13:16.042Z [WARN] [33m[1m⚠[22m[39m ./lib/server/paths.ts:10:14
[1m[33mWarning[39m: A Node.js API is used (process.cwd at line: 10) which is not supported in the Edge Runtime.
    Learn more: https://nextjs.org/docs/api-reference/edge-runtime[22m
  [90m 8 |[0m [36mexport[0m [36mconst[0m [33mDATA_DIR[0m = process.env.[33mDATA_DIR[0m
  [90m 9 |[0m 	? path.resolve(process.env.[33mDATA_DIR[0m)
[33m[1m>[0m [90m10 |[0m 	: path.join(process.cwd(), [32m"data"[0m);
  [90m   |[0m             [33m[1m^^^^^^^^^^^[0m
  [90m11 |[0m
  [90m12 |[0m [36mconst[0m [33mSTRUCTURED_FILE_EXTENSIONS[0m = [[32m".yaml"[0m, [32m".yml"[0m, [32m".json"[0m] [36mas[0m [36mco...[0m
  [90m13 |[0m

Ecmascript file had an error

Import trace:
  Edge Instrumentation:
    ./lib/server/paths.ts
    ./lib/server/runtime-logger.ts
    ./instrumentation.ts


2026-09-15T15:13:16.050Z [WARN] [33m[1m⚠[22m[39m ./lib/server/runtime-logger.ts:52:50
[1m[33mWarning[39m: A Node.js API is used (process.pid at line: 52) which is not supported in the Edge Runtime.
    Learn more: https://nextjs.org/docs/api-reference/edge-runtime[22m
  [90m50 |[0m ...ues);
  [90m51 |[0m ...
[33m[1m>[0m [90m52 |[0m ...[32mer logger started"[0m, [32m`pid=[0m${process.pid[32m}`[0m]);
  [90m   |[0m                               [33m[1m^^^^^^^^^^^[0m
  [90m53 |[0m ...
  [90m54 |[0m ...
  [90m55 |[0m ...untimeError(error: unknown, requestPath?: string) {

Ecmascript file had an error

Import trace:
  Edge Instrumentation:
    ./lib/server/runtime-logger.ts
    ./instrumentation.ts


2026-09-15T15:13:16.059Z [WARN] [33m[1m⚠[22m[39m ./lib/server/paths.ts:1:1
[1m[33mWarning[39m: A Node.js module is loaded ('node:fs' at line 1) which is not supported in the Edge Runtime.
    Learn More: https://nextjs.org/docs/messages/node-module-in-edge-runtime[22m
[33m[1m>[0m [90m1 |[0m [36mimport[0m fs [36mfrom[0m [32m"node:fs"[0m;
  [90m  |[0m [33m[1m^^^^^^^^^^^^^^^^^^^^^^^^^[0m
  [90m2 |[0m [36mimport[0m path [36mfrom[0m [32m"node:path"[0m;
  [90m3 |[0m
  [90m4 |[0m /**

Ecmascript file had an error

Import trace:
  Edge Instrumentation:
    ./lib/server/paths.ts
    ./lib/server/runtime-logger.ts
    ./instrumentation.ts


2026-09-15T15:13:16.067Z [WARN] [33m[1m⚠[22m[39m ./lib/server/runtime-logger.ts:1:1
[1m[33mWarning[39m: A Node.js module is loaded ('node:fs' at line 1) which is not supported in the Edge Runtime.
    Learn More: https://nextjs.org/docs/messages/node-module-in-edge-runtime[22m
[33m[1m>[0m [90m1 |[0m [36mimport[0m fs [36mfrom[0m [32m"node:fs"[0m;
  [90m  |[0m [33m[1m^^^^^^^^^^^^^^^^^^^^^^^^^[0m
  [90m2 |[0m [36mimport[0m path [36mfrom[0m [32m"node:path"[0m;
  [90m3 |[0m [36mimport[0m { [33mDATA_DIR[0m } [36mfrom[0m [32m"./paths"[0m;
  [90m4 |[0m

Ecmascript file had an error

Import trace:
  Edge Instrumentation:
    ./lib/server/runtime-logger.ts
    ./instrumentation.ts


2026-09-15T15:13:16.076Z [WARN] [33m[1m⚠[22m[39m ./lib/server/paths.ts:2:1
[1m[33mWarning[39m: A Node.js module is loaded ('node:path' at line 2) which is not supported in the Edge Runtime.
    Learn More: https://nextjs.org/docs/messages/node-module-in-edge-runtime[22m
  [90m1 |[0m [36mimport[0m fs [36mfrom[0m [32m"node:fs"[0m;
[33m[1m>[0m [90m2 |[0m [36mimport[0m path [36mfrom[0m [32m"node:path"[0m;
  [90m  |[0m [33m[1m^^^^^^^^^^^^^^^^^^^^^^^^^^^^^[0m
  [90m3 |[0m
  [90m4 |[0m /**
  [90m5 |[0m  * 数据目录（便于 [33mDocker[0m 映射）。

Ecmascript file had an error

Import trace:
  Edge Instrumentation:
    ./lib/server/paths.ts
    ./lib/server/runtime-logger.ts
    ./instrumentation.ts


2026-09-15T15:13:16.084Z [WARN] [33m[1m⚠[22m[39m ./lib/server/runtime-logger.ts:2:1
[1m[33mWarning[39m: A Node.js module is loaded ('node:path' at line 2) which is not supported in the Edge Runtime.
    Learn More: https://nextjs.org/docs/messages/node-module-in-edge-runtime[22m
  [90m1 |[0m [36mimport[0m fs [36mfrom[0m [32m"node:fs"[0m;
[33m[1m>[0m [90m2 |[0m [36mimport[0m path [36mfrom[0m [32m"node:path"[0m;
  [90m  |[0m [33m[1m^^^^^^^^^^^^^^^^^^^^^^^^^^^^^[0m
  [90m3 |[0m [36mimport[0m { [33mDATA_DIR[0m } [36mfrom[0m [32m"./paths"[0m;
  [90m4 |[0m
  [90m5 |[0m [36mconst[0m [33mLOG_DIR[0m = path.join([33mDATA_DIR[0m, [32m"logs"[0m);

Ecmascript file had an error

Import trace:
  Edge Instrumentation:
    ./lib/server/runtime-logger.ts
    ./instrumentation.ts


2026-09-15T15:13:21.405Z [WARN] [33m[1m⚠[22m[39m ./lib/server/paths.ts:10:14
[1m[33mWarning[39m: A Node.js API is used (process.cwd at line: 10) which is not supported in the Edge Runtime.
    Learn more: https://nextjs.org/docs/api-reference/edge-runtime[22m
  [90m 8 |[0m [36mexport[0m [36mconst[0m [33mDATA_DIR[0m = process.env.[33mDATA_DIR[0m
  [90m 9 |[0m 	? path.resolve(process.env.[33mDATA_DIR[0m)
[33m[1m>[0m [90m10 |[0m 	: path.join(process.cwd(), [32m"data"[0m);
  [90m   |[0m             [33m[1m^^^^^^^^^^^[0m
  [90m11 |[0m
  [90m12 |[0m [36mconst[0m [33mSTRUCTURED_FILE_EXTENSIONS[0m = [[32m".yaml"[0m, [32m".yml"[0m, [32m".json"[0m] [36mas[0m [36mco...[0m
  [90m13 |[0m

Ecmascript file had an error

Import trace:
  Edge Instrumentation:
    ./lib/server/paths.ts
    ./lib/server/runtime-logger.ts
    ./instrumentation.ts


2026-09-15T15:13:21.422Z [WARN] [33m[1m⚠[22m[39m ./lib/server/runtime-logger.ts:52:50
[1m[33mWarning[39m: A Node.js API is used (process.pid at line: 52) which is not supported in the Edge Runtime.
    Learn more: https://nextjs.org/docs/api-reference/edge-runtime[22m
  [90m50 |[0m ...ues);
  [90m51 |[0m ...
[33m[1m>[0m [90m52 |[0m ...[32mer logger started"[0m, [32m`pid=[0m${process.pid[32m}`[0m]);
  [90m   |[0m                               [33m[1m^^^^^^^^^^^[0m
  [90m53 |[0m ...
  [90m54 |[0m ...
  [90m55 |[0m ...untimeError(error: unknown, requestPath?: string) {

Ecmascript file had an error

Import trace:
  Edge Instrumentation:
    ./lib/server/runtime-logger.ts
    ./instrumentation.ts


2026-09-15T15:13:21.443Z [WARN] [33m[1m⚠[22m[39m ./lib/server/paths.ts:1:1
[1m[33mWarning[39m: A Node.js module is loaded ('node:fs' at line 1) which is not supported in the Edge Runtime.
    Learn More: https://nextjs.org/docs/messages/node-module-in-edge-runtime[22m
[33m[1m>[0m [90m1 |[0m [36mimport[0m fs [36mfrom[0m [32m"node:fs"[0m;
  [90m  |[0m [33m[1m^^^^^^^^^^^^^^^^^^^^^^^^^[0m
  [90m2 |[0m [36mimport[0m path [36mfrom[0m [32m"node:path"[0m;
  [90m3 |[0m
  [90m4 |[0m /**

Ecmascript file had an error

Import trace:
  Edge Instrumentation:
    ./lib/server/paths.ts
    ./lib/server/runtime-logger.ts
    ./instrumentation.ts


2026-09-15T15:13:21.462Z [WARN] [33m[1m⚠[22m[39m ./lib/server/runtime-logger.ts:1:1
[1m[33mWarning[39m: A Node.js module is loaded ('node:fs' at line 1) which is not supported in the Edge Runtime.
    Learn More: https://nextjs.org/docs/messages/node-module-in-edge-runtime[22m
[33m[1m>[0m [90m1 |[0m [36mimport[0m fs [36mfrom[0m [32m"node:fs"[0m;
  [90m  |[0m [33m[1m^^^^^^^^^^^^^^^^^^^^^^^^^[0m
  [90m2 |[0m [36mimport[0m path [36mfrom[0m [32m"node:path"[0m;
  [90m3 |[0m [36mimport[0m { [33mDATA_DIR[0m } [36mfrom[0m [32m"./paths"[0m;
  [90m4 |[0m

Ecmascript file had an error

Import trace:
  Edge Instrumentation:
    ./lib/server/runtime-logger.ts
    ./instrumentation.ts


2026-09-15T15:13:21.489Z [WARN] [33m[1m⚠[22m[39m ./lib/server/paths.ts:2:1
[1m[33mWarning[39m: A Node.js module is loaded ('node:path' at line 2) which is not supported in the Edge Runtime.
    Learn More: https://nextjs.org/docs/messages/node-module-in-edge-runtime[22m
  [90m1 |[0m [36mimport[0m fs [36mfrom[0m [32m"node:fs"[0m;
[33m[1m>[0m [90m2 |[0m [36mimport[0m path [36mfrom[0m [32m"node:path"[0m;
  [90m  |[0m [33m[1m^^^^^^^^^^^^^^^^^^^^^^^^^^^^^[0m
  [90m3 |[0m
  [90m4 |[0m /**
  [90m5 |[0m  * 数据目录（便于 [33mDocker[0m 映射）。

Ecmascript file had an error

Import trace:
  Edge Instrumentation:
    ./lib/server/paths.ts
    ./lib/server/runtime-logger.ts
    ./instrumentation.ts


2026-09-15T15:13:21.519Z [WARN] [33m[1m⚠[22m[39m ./lib/server/runtime-logger.ts:2:1
[1m[33mWarning[39m: A Node.js module is loaded ('node:path' at line 2) which is not supported in the Edge Runtime.
    Learn More: https://nextjs.org/docs/messages/node-module-in-edge-runtime[22m
  [90m1 |[0m [36mimport[0m fs [36mfrom[0m [32m"node:fs"[0m;
[33m[1m>[0m [90m2 |[0m [36mimport[0m path [36mfrom[0m [32m"node:path"[0m;
  [90m  |[0m [33m[1m^^^^^^^^^^^^^^^^^^^^^^^^^^^^^[0m
  [90m3 |[0m [36mimport[0m { [33mDATA_DIR[0m } [36mfrom[0m [32m"./paths"[0m;
  [90m4 |[0m
  [90m5 |[0m [36mconst[0m [33mLOG_DIR[0m = path.join([33mDATA_DIR[0m, [32m"logs"[0m);

Ecmascript file had an error

Import trace:
  Edge Instrumentation:
    ./lib/server/runtime-logger.ts
    ./instrumentation.ts


2026-09-15T15:13:21.630Z [WARN] [33m[1m⚠[22m[39m ./lib/server/paths.ts:10:14
[1m[33mWarning[39m: A Node.js API is used (process.cwd at line: 10) which is not supported in the Edge Runtime.
    Learn more: https://nextjs.org/docs/api-reference/edge-runtime[22m
  [90m 8 |[0m [36mexport[0m [36mconst[0m [33mDATA_DIR[0m = process.env.[33mDATA_DIR[0m
  [90m 9 |[0m 	? path.resolve(process.env.[33mDATA_DIR[0m)
[33m[1m>[0m [90m10 |[0m 	: path.join(process.cwd(), [32m"data"[0m);
  [90m   |[0m             [33m[1m^^^^^^^^^^^[0m
  [90m11 |[0m
  [90m12 |[0m [36mconst[0m [33mSTRUCTURED_FILE_EXTENSIONS[0m = [[32m".yaml"[0m, [32m".yml"[0m, [32m".json"[0m] [36mas[0m [36mco...[0m
  [90m13 |[0m

Ecmascript file had an error

Import trace:
  Edge Instrumentation:
    ./lib/server/paths.ts
    ./lib/server/runtime-logger.ts
    ./instrumentation.ts


2026-09-15T15:13:21.656Z [WARN] [33m[1m⚠[22m[39m ./lib/server/runtime-logger.ts:52:50
[1m[33mWarning[39m: A Node.js API is used (process.pid at line: 52) which is not supported in the Edge Runtime.
    Learn more: https://nextjs.org/docs/api-reference/edge-runtime[22m
  [90m50 |[0m ...ues);
  [90m51 |[0m ...
[33m[1m>[0m [90m52 |[0m ...[32mer logger started"[0m, [32m`pid=[0m${process.pid[32m}`[0m]);
  [90m   |[0m                               [33m[1m^^^^^^^^^^^[0m
  [90m53 |[0m ...
  [90m54 |[0m ...
  [90m55 |[0m ...untimeError(error: unknown, requestPath?: string) {

Ecmascript file had an error

Import trace:
  Edge Instrumentation:
    ./lib/server/runtime-logger.ts
    ./instrumentation.ts


2026-09-15T15:13:21.678Z [WARN] [33m[1m⚠[22m[39m ./lib/server/paths.ts:1:1
[1m[33mWarning[39m: A Node.js module is loaded ('node:fs' at line 1) which is not supported in the Edge Runtime.
    Learn More: https://nextjs.org/docs/messages/node-module-in-edge-runtime[22m
[33m[1m>[0m [90m1 |[0m [36mimport[0m fs [36mfrom[0m [32m"node:fs"[0m;
  [90m  |[0m [33m[1m^^^^^^^^^^^^^^^^^^^^^^^^^[0m
  [90m2 |[0m [36mimport[0m path [36mfrom[0m [32m"node:path"[0m;
  [90m3 |[0m
  [90m4 |[0m /**

Ecmascript file had an error

Import trace:
  Edge Instrumentation:
    ./lib/server/paths.ts
    ./lib/server/runtime-logger.ts
    ./instrumentation.ts


2026-09-15T15:13:21.693Z [WARN] [33m[1m⚠[22m[39m ./lib/server/runtime-logger.ts:1:1
[1m[33mWarning[39m: A Node.js module is loaded ('node:fs' at line 1) which is not supported in the Edge Runtime.
    Learn More: https://nextjs.org/docs/messages/node-module-in-edge-runtime[22m
[33m[1m>[0m [90m1 |[0m [36mimport[0m fs [36mfrom[0m [32m"node:fs"[0m;
  [90m  |[0m [33m[1m^^^^^^^^^^^^^^^^^^^^^^^^^[0m
  [90m2 |[0m [36mimport[0m path [36mfrom[0m [32m"node:path"[0m;
  [90m3 |[0m [36mimport[0m { [33mDATA_DIR[0m } [36mfrom[0m [32m"./paths"[0m;
  [90m4 |[0m

Ecmascript file had an error

Import trace:
  Edge Instrumentation:
    ./lib/server/runtime-logger.ts
    ./instrumentation.ts


2026-09-15T15:13:21.713Z [WARN] [33m[1m⚠[22m[39m ./lib/server/paths.ts:2:1
[1m[33mWarning[39m: A Node.js module is loaded ('node:path' at line 2) which is not supported in the Edge Runtime.
    Learn More: https://nextjs.org/docs/messages/node-module-in-edge-runtime[22m
  [90m1 |[0m [36mimport[0m fs [36mfrom[0m [32m"node:fs"[0m;
[33m[1m>[0m [90m2 |[0m [36mimport[0m path [36mfrom[0m [32m"node:path"[0m;
  [90m  |[0m [33m[1m^^^^^^^^^^^^^^^^^^^^^^^^^^^^^[0m
  [90m3 |[0m
  [90m4 |[0m /**
  [90m5 |[0m  * 数据目录（便于 [33mDocker[0m 映射）。

Ecmascript file had an error

Import trace:
  Edge Instrumentation:
    ./lib/server/paths.ts
    ./lib/server/runtime-logger.ts
    ./instrumentation.ts


2026-09-15T15:13:21.737Z [WARN] [33m[1m⚠[22m[39m ./lib/server/runtime-logger.ts:2:1
[1m[33mWarning[39m: A Node.js module is loaded ('node:path' at line 2) which is not supported in the Edge Runtime.
    Learn More: https://nextjs.org/docs/messages/node-module-in-edge-runtime[22m
  [90m1 |[0m [36mimport[0m fs [36mfrom[0m [32m"node:fs"[0m;
[33m[1m>[0m [90m2 |[0m [36mimport[0m path [36mfrom[0m [32m"node:path"[0m;
  [90m  |[0m [33m[1m^^^^^^^^^^^^^^^^^^^^^^^^^^^^^[0m
  [90m3 |[0m [36mimport[0m { [33mDATA_DIR[0m } [36mfrom[0m [32m"./paths"[0m;
  [90m4 |[0m
  [90m5 |[0m [36mconst[0m [33mLOG_DIR[0m = path.join([33mDATA_DIR[0m, [32m"logs"[0m);

Ecmascript file had an error

Import trace:
  Edge Instrumentation:
    ./lib/server/runtime-logger.ts
    ./instrumentation.ts


2026-09-15T15:13:30.273Z [WARN] [33m[1m⚠[22m[39m ./lib/server/paths.ts:10:14
[1m[33mWarning[39m: A Node.js API is used (process.cwd at line: 10) which is not supported in the Edge Runtime.
    Learn more: https://nextjs.org/docs/api-reference/edge-runtime[22m
  [90m 8 |[0m [36mexport[0m [36mconst[0m [33mDATA_DIR[0m = process.env.[33mDATA_DIR[0m
  [90m 9 |[0m 	? path.resolve(process.env.[33mDATA_DIR[0m)
[33m[1m>[0m [90m10 |[0m 	: path.join(process.cwd(), [32m"data"[0m);
  [90m   |[0m             [33m[1m^^^^^^^^^^^[0m
  [90m11 |[0m
  [90m12 |[0m [36mconst[0m [33mSTRUCTURED_FILE_EXTENSIONS[0m = [[32m".yaml"[0m, [32m".yml"[0m, [32m".json"[0m] [36mas[0m [36mco...[0m
  [90m13 |[0m

Ecmascript file had an error

Import trace:
  Edge Instrumentation:
    ./lib/server/paths.ts
    ./lib/server/runtime-logger.ts
    ./instrumentation.ts


2026-09-15T15:13:30.279Z [WARN] [33m[1m⚠[22m[39m ./lib/server/runtime-logger.ts:52:50
[1m[33mWarning[39m: A Node.js API is used (process.pid at line: 52) which is not supported in the Edge Runtime.
    Learn more: https://nextjs.org/docs/api-reference/edge-runtime[22m
  [90m50 |[0m ...ues);
  [90m51 |[0m ...
[33m[1m>[0m [90m52 |[0m ...[32mer logger started"[0m, [32m`pid=[0m${process.pid[32m}`[0m]);
  [90m   |[0m                               [33m[1m^^^^^^^^^^^[0m
  [90m53 |[0m ...
  [90m54 |[0m ...
  [90m55 |[0m ...untimeError(error: unknown, requestPath?: string) {

Ecmascript file had an error

Import trace:
  Edge Instrumentation:
    ./lib/server/runtime-logger.ts
    ./instrumentation.ts


2026-09-15T15:13:30.286Z [WARN] [33m[1m⚠[22m[39m ./lib/server/paths.ts:1:1
[1m[33mWarning[39m: A Node.js module is loaded ('node:fs' at line 1) which is not supported in the Edge Runtime.
    Learn More: https://nextjs.org/docs/messages/node-module-in-edge-runtime[22m
[33m[1m>[0m [90m1 |[0m [36mimport[0m fs [36mfrom[0m [32m"node:fs"[0m;
  [90m  |[0m [33m[1m^^^^^^^^^^^^^^^^^^^^^^^^^[0m
  [90m2 |[0m [36mimport[0m path [36mfrom[0m [32m"node:path"[0m;
  [90m3 |[0m
  [90m4 |[0m /**

Ecmascript file had an error

Import trace:
  Edge Instrumentation:
    ./lib/server/paths.ts
    ./lib/server/runtime-logger.ts
    ./instrumentation.ts


2026-09-15T15:13:30.294Z [WARN] [33m[1m⚠[22m[39m ./lib/server/runtime-logger.ts:1:1
[1m[33mWarning[39m: A Node.js module is loaded ('node:fs' at line 1) which is not supported in the Edge Runtime.
    Learn More: https://nextjs.org/docs/messages/node-module-in-edge-runtime[22m
[33m[1m>[0m [90m1 |[0m [36mimport[0m fs [36mfrom[0m [32m"node:fs"[0m;
  [90m  |[0m [33m[1m^^^^^^^^^^^^^^^^^^^^^^^^^[0m
  [90m2 |[0m [36mimport[0m path [36mfrom[0m [32m"node:path"[0m;
  [90m3 |[0m [36mimport[0m { [33mDATA_DIR[0m } [36mfrom[0m [32m"./paths"[0m;
  [90m4 |[0m

Ecmascript file had an error

Import trace:
  Edge Instrumentation:
    ./lib/server/runtime-logger.ts
    ./instrumentation.ts


2026-09-15T15:13:30.303Z [WARN] [33m[1m⚠[22m[39m ./lib/server/paths.ts:2:1
[1m[33mWarning[39m: A Node.js module is loaded ('node:path' at line 2) which is not supported in the Edge Runtime.
    Learn More: https://nextjs.org/docs/messages/node-module-in-edge-runtime[22m
  [90m1 |[0m [36mimport[0m fs [36mfrom[0m [32m"node:fs"[0m;
[33m[1m>[0m [90m2 |[0m [36mimport[0m path [36mfrom[0m [32m"node:path"[0m;
  [90m  |[0m [33m[1m^^^^^^^^^^^^^^^^^^^^^^^^^^^^^[0m
  [90m3 |[0m
  [90m4 |[0m /**
  [90m5 |[0m  * 数据目录（便于 [33mDocker[0m 映射）。

Ecmascript file had an error

Import trace:
  Edge Instrumentation:
    ./lib/server/paths.ts
    ./lib/server/runtime-logger.ts
    ./instrumentation.ts


2026-09-15T15:13:30.310Z [WARN] [33m[1m⚠[22m[39m ./lib/server/runtime-logger.ts:2:1
[1m[33mWarning[39m: A Node.js module is loaded ('node:path' at line 2) which is not supported in the Edge Runtime.
    Learn More: https://nextjs.org/docs/messages/node-module-in-edge-runtime[22m
  [90m1 |[0m [36mimport[0m fs [36mfrom[0m [32m"node:fs"[0m;
[33m[1m>[0m [90m2 |[0m [36mimport[0m path [36mfrom[0m [32m"node:path"[0m;
  [90m  |[0m [33m[1m^^^^^^^^^^^^^^^^^^^^^^^^^^^^^[0m
  [90m3 |[0m [36mimport[0m { [33mDATA_DIR[0m } [36mfrom[0m [32m"./paths"[0m;
  [90m4 |[0m
  [90m5 |[0m [36mconst[0m [33mLOG_DIR[0m = path.join([33mDATA_DIR[0m, [32m"logs"[0m);

Ecmascript file had an error

Import trace:
  Edge Instrumentation:
    ./lib/server/runtime-logger.ts
    ./instrumentation.ts


2026-09-15T15:29:22.647Z [WARN] [33m[1m⚠[22m[39m ./lib/server/paths.ts:10:14
[1m[33mWarning[39m: A Node.js API is used (process.cwd at line: 10) which is not supported in the Edge Runtime.
    Learn more: https://nextjs.org/docs/api-reference/edge-runtime[22m
  [90m 8 |[0m [36mexport[0m [36mconst[0m [33mDATA_DIR[0m = process.env.[33mDATA_DIR[0m
  [90m 9 |[0m 	? path.resolve(process.env.[33mDATA_DIR[0m)
[33m[1m>[0m [90m10 |[0m 	: path.join(process.cwd(), [32m"data"[0m);
  [90m   |[0m             [33m[1m^^^^^^^^^^^[0m
  [90m11 |[0m
  [90m12 |[0m [36mconst[0m [33mSTRUCTURED_FILE_EXTENSIONS[0m = [[32m".yaml"[0m, [32m".yml"[0m, [32m".json"[0m] [36mas[0m [36mco...[0m
  [90m13 |[0m

Ecmascript file had an error

Import trace:
  Edge Instrumentation:
    ./lib/server/paths.ts
    ./lib/server/runtime-logger.ts
    ./instrumentation.ts


2026-09-15T15:29:22.658Z [WARN] [33m[1m⚠[22m[39m ./lib/server/runtime-logger.ts:52:50
[1m[33mWarning[39m: A Node.js API is used (process.pid at line: 52) which is not supported in the Edge Runtime.
    Learn more: https://nextjs.org/docs/api-reference/edge-runtime[22m
  [90m50 |[0m ...ues);
  [90m51 |[0m ...
[33m[1m>[0m [90m52 |[0m ...[32mer logger started"[0m, [32m`pid=[0m${process.pid[32m}`[0m]);
  [90m   |[0m                               [33m[1m^^^^^^^^^^^[0m
  [90m53 |[0m ...
  [90m54 |[0m ...
  [90m55 |[0m ...untimeError(error: unknown, requestPath?: string) {

Ecmascript file had an error

Import trace:
  Edge Instrumentation:
    ./lib/server/runtime-logger.ts
    ./instrumentation.ts


2026-09-15T15:29:22.668Z [WARN] [33m[1m⚠[22m[39m ./lib/server/paths.ts:1:1
[1m[33mWarning[39m: A Node.js module is loaded ('node:fs' at line 1) which is not supported in the Edge Runtime.
    Learn More: https://nextjs.org/docs/messages/node-module-in-edge-runtime[22m
[33m[1m>[0m [90m1 |[0m [36mimport[0m fs [36mfrom[0m [32m"node:fs"[0m;
  [90m  |[0m [33m[1m^^^^^^^^^^^^^^^^^^^^^^^^^[0m
  [90m2 |[0m [36mimport[0m path [36mfrom[0m [32m"node:path"[0m;
  [90m3 |[0m
  [90m4 |[0m /**

Ecmascript file had an error

Import trace:
  Edge Instrumentation:
    ./lib/server/paths.ts
    ./lib/server/runtime-logger.ts
    ./instrumentation.ts


2026-09-15T15:29:22.677Z [WARN] [33m[1m⚠[22m[39m ./lib/server/runtime-logger.ts:1:1
[1m[33mWarning[39m: A Node.js module is loaded ('node:fs' at line 1) which is not supported in the Edge Runtime.
    Learn More: https://nextjs.org/docs/messages/node-module-in-edge-runtime[22m
[33m[1m>[0m [90m1 |[0m [36mimport[0m fs [36mfrom[0m [32m"node:fs"[0m;
  [90m  |[0m [33m[1m^^^^^^^^^^^^^^^^^^^^^^^^^[0m
  [90m2 |[0m [36mimport[0m path [36mfrom[0m [32m"node:path"[0m;
  [90m3 |[0m [36mimport[0m { [33mDATA_DIR[0m } [36mfrom[0m [32m"./paths"[0m;
  [90m4 |[0m

Ecmascript file had an error

Import trace:
  Edge Instrumentation:
    ./lib/server/runtime-logger.ts
    ./instrumentation.ts


2026-09-15T15:29:22.687Z [WARN] [33m[1m⚠[22m[39m ./lib/server/paths.ts:2:1
[1m[33mWarning[39m: A Node.js module is loaded ('node:path' at line 2) which is not supported in the Edge Runtime.
    Learn More: https://nextjs.org/docs/messages/node-module-in-edge-runtime[22m
  [90m1 |[0m [36mimport[0m fs [36mfrom[0m [32m"node:fs"[0m;
[33m[1m>[0m [90m2 |[0m [36mimport[0m path [36mfrom[0m [32m"node:path"[0m;
  [90m  |[0m [33m[1m^^^^^^^^^^^^^^^^^^^^^^^^^^^^^[0m
  [90m3 |[0m
  [90m4 |[0m /**
  [90m5 |[0m  * 数据目录（便于 [33mDocker[0m 映射）。

Ecmascript file had an error

Import trace:
  Edge Instrumentation:
    ./lib/server/paths.ts
    ./lib/server/runtime-logger.ts
    ./instrumentation.ts


2026-09-15T15:29:22.696Z [WARN] [33m[1m⚠[22m[39m ./lib/server/runtime-logger.ts:2:1
[1m[33mWarning[39m: A Node.js module is loaded ('node:path' at line 2) which is not supported in the Edge Runtime.
    Learn More: https://nextjs.org/docs/messages/node-module-in-edge-runtime[22m
  [90m1 |[0m [36mimport[0m fs [36mfrom[0m [32m"node:fs"[0m;
[33m[1m>[0m [90m2 |[0m [36mimport[0m path [36mfrom[0m [32m"node:path"[0m;
  [90m  |[0m [33m[1m^^^^^^^^^^^^^^^^^^^^^^^^^^^^^[0m
  [90m3 |[0m [36mimport[0m { [33mDATA_DIR[0m } [36mfrom[0m [32m"./paths"[0m;
  [90m4 |[0m
  [90m5 |[0m [36mconst[0m [33mLOG_DIR[0m = path.join([33mDATA_DIR[0m, [32m"logs"[0m);

Ecmascript file had an error

Import trace:
  Edge Instrumentation:
    ./lib/server/runtime-logger.ts
    ./instrumentation.ts


2026-09-15T15:29:27.258Z [WARN] [33m[1m⚠[22m[39m ./lib/server/paths.ts:10:14
[1m[33mWarning[39m: A Node.js API is used (process.cwd at line: 10) which is not supported in the Edge Runtime.
    Learn more: https://nextjs.org/docs/api-reference/edge-runtime[22m
  [90m 8 |[0m [36mexport[0m [36mconst[0m [33mDATA_DIR[0m = process.env.[33mDATA_DIR[0m
  [90m 9 |[0m 	? path.resolve(process.env.[33mDATA_DIR[0m)
[33m[1m>[0m [90m10 |[0m 	: path.join(process.cwd(), [32m"data"[0m);
  [90m   |[0m             [33m[1m^^^^^^^^^^^[0m
  [90m11 |[0m
  [90m12 |[0m [36mconst[0m [33mSTRUCTURED_FILE_EXTENSIONS[0m = [[32m".yaml"[0m, [32m".yml"[0m, [32m".json"[0m] [36mas[0m [36mco...[0m
  [90m13 |[0m

Ecmascript file had an error

Import trace:
  Edge Instrumentation:
    ./lib/server/paths.ts
    ./lib/server/runtime-logger.ts
    ./instrumentation.ts


2026-09-15T15:29:27.271Z [WARN] [33m[1m⚠[22m[39m ./lib/server/runtime-logger.ts:52:50
[1m[33mWarning[39m: A Node.js API is used (process.pid at line: 52) which is not supported in the Edge Runtime.
    Learn more: https://nextjs.org/docs/api-reference/edge-runtime[22m
  [90m50 |[0m ...ues);
  [90m51 |[0m ...
[33m[1m>[0m [90m52 |[0m ...[32mer logger started"[0m, [32m`pid=[0m${process.pid[32m}`[0m]);
  [90m   |[0m                               [33m[1m^^^^^^^^^^^[0m
  [90m53 |[0m ...
  [90m54 |[0m ...
  [90m55 |[0m ...untimeError(error: unknown, requestPath?: string) {

Ecmascript file had an error

Import trace:
  Edge Instrumentation:
    ./lib/server/runtime-logger.ts
    ./instrumentation.ts


2026-09-15T15:29:27.281Z [WARN] [33m[1m⚠[22m[39m ./lib/server/paths.ts:1:1
[1m[33mWarning[39m: A Node.js module is loaded ('node:fs' at line 1) which is not supported in the Edge Runtime.
    Learn More: https://nextjs.org/docs/messages/node-module-in-edge-runtime[22m
[33m[1m>[0m [90m1 |[0m [36mimport[0m fs [36mfrom[0m [32m"node:fs"[0m;
  [90m  |[0m [33m[1m^^^^^^^^^^^^^^^^^^^^^^^^^[0m
  [90m2 |[0m [36mimport[0m path [36mfrom[0m [32m"node:path"[0m;
  [90m3 |[0m
  [90m4 |[0m /**

Ecmascript file had an error

Import trace:
  Edge Instrumentation:
    ./lib/server/paths.ts
    ./lib/server/runtime-logger.ts
    ./instrumentation.ts


2026-09-15T15:29:27.291Z [WARN] [33m[1m⚠[22m[39m ./lib/server/runtime-logger.ts:1:1
[1m[33mWarning[39m: A Node.js module is loaded ('node:fs' at line 1) which is not supported in the Edge Runtime.
    Learn More: https://nextjs.org/docs/messages/node-module-in-edge-runtime[22m
[33m[1m>[0m [90m1 |[0m [36mimport[0m fs [36mfrom[0m [32m"node:fs"[0m;
  [90m  |[0m [33m[1m^^^^^^^^^^^^^^^^^^^^^^^^^[0m
  [90m2 |[0m [36mimport[0m path [36mfrom[0m [32m"node:path"[0m;
  [90m3 |[0m [36mimport[0m { [33mDATA_DIR[0m } [36mfrom[0m [32m"./paths"[0m;
  [90m4 |[0m

Ecmascript file had an error

Import trace:
  Edge Instrumentation:
    ./lib/server/runtime-logger.ts
    ./instrumentation.ts


2026-09-15T15:29:27.299Z [WARN] [33m[1m⚠[22m[39m ./lib/server/paths.ts:2:1
[1m[33mWarning[39m: A Node.js module is loaded ('node:path' at line 2) which is not supported in the Edge Runtime.
    Learn More: https://nextjs.org/docs/messages/node-module-in-edge-runtime[22m
  [90m1 |[0m [36mimport[0m fs [36mfrom[0m [32m"node:fs"[0m;
[33m[1m>[0m [90m2 |[0m [36mimport[0m path [36mfrom[0m [32m"node:path"[0m;
  [90m  |[0m [33m[1m^^^^^^^^^^^^^^^^^^^^^^^^^^^^^[0m
  [90m3 |[0m
  [90m4 |[0m /**
  [90m5 |[0m  * 数据目录（便于 [33mDocker[0m 映射）。

Ecmascript file had an error

Import trace:
  Edge Instrumentation:
    ./lib/server/paths.ts
    ./lib/server/runtime-logger.ts
    ./instrumentation.ts


2026-09-15T15:29:27.308Z [WARN] [33m[1m⚠[22m[39m ./lib/server/runtime-logger.ts:2:1
[1m[33mWarning[39m: A Node.js module is loaded ('node:path' at line 2) which is not supported in the Edge Runtime.
    Learn More: https://nextjs.org/docs/messages/node-module-in-edge-runtime[22m
  [90m1 |[0m [36mimport[0m fs [36mfrom[0m [32m"node:fs"[0m;
[33m[1m>[0m [90m2 |[0m [36mimport[0m path [36mfrom[0m [32m"node:path"[0m;
  [90m  |[0m [33m[1m^^^^^^^^^^^^^^^^^^^^^^^^^^^^^[0m
  [90m3 |[0m [36mimport[0m { [33mDATA_DIR[0m } [36mfrom[0m [32m"./paths"[0m;
  [90m4 |[0m
  [90m5 |[0m [36mconst[0m [33mLOG_DIR[0m = path.join([33mDATA_DIR[0m, [32m"logs"[0m);

Ecmascript file had an error

Import trace:
  Edge Instrumentation:
    ./lib/server/runtime-logger.ts
    ./instrumentation.ts


2026-09-15T15:48:16.030Z [WARN] [33m[1m⚠[22m[39m ./lib/server/paths.ts:10:14
[1m[33mWarning[39m: A Node.js API is used (process.cwd at line: 10) which is not supported in the Edge Runtime.
    Learn more: https://nextjs.org/docs/api-reference/edge-runtime[22m
  [90m 8 |[0m [36mexport[0m [36mconst[0m [33mDATA_DIR[0m = process.env.[33mDATA_DIR[0m
  [90m 9 |[0m 	? path.resolve(process.env.[33mDATA_DIR[0m)
[33m[1m>[0m [90m10 |[0m 	: path.join(process.cwd(), [32m"data"[0m);
  [90m   |[0m             [33m[1m^^^^^^^^^^^[0m
  [90m11 |[0m
  [90m12 |[0m [36mconst[0m [33mSTRUCTURED_FILE_EXTENSIONS[0m = [[32m".yaml"[0m, [32m".yml"[0m, [32m".json"[0m] [36mas[0m [36mco...[0m
  [90m13 |[0m

Ecmascript file had an error

Import trace:
  Edge Instrumentation:
    ./lib/server/paths.ts
    ./lib/server/runtime-logger.ts
    ./instrumentation.ts


2026-09-15T15:48:16.041Z [WARN] [33m[1m⚠[22m[39m ./lib/server/runtime-logger.ts:52:50
[1m[33mWarning[39m: A Node.js API is used (process.pid at line: 52) which is not supported in the Edge Runtime.
    Learn more: https://nextjs.org/docs/api-reference/edge-runtime[22m
  [90m50 |[0m ...ues);
  [90m51 |[0m ...
[33m[1m>[0m [90m52 |[0m ...[32mer logger started"[0m, [32m`pid=[0m${process.pid[32m}`[0m]);
  [90m   |[0m                               [33m[1m^^^^^^^^^^^[0m
  [90m53 |[0m ...
  [90m54 |[0m ...
  [90m55 |[0m ...untimeError(error: unknown, requestPath?: string) {

Ecmascript file had an error

Import trace:
  Edge Instrumentation:
    ./lib/server/runtime-logger.ts
    ./instrumentation.ts


2026-09-15T15:48:16.053Z [WARN] [33m[1m⚠[22m[39m ./lib/server/paths.ts:1:1
[1m[33mWarning[39m: A Node.js module is loaded ('node:fs' at line 1) which is not supported in the Edge Runtime.
    Learn More: https://nextjs.org/docs/messages/node-module-in-edge-runtime[22m
[33m[1m>[0m [90m1 |[0m [36mimport[0m fs [36mfrom[0m [32m"node:fs"[0m;
  [90m  |[0m [33m[1m^^^^^^^^^^^^^^^^^^^^^^^^^[0m
  [90m2 |[0m [36mimport[0m path [36mfrom[0m [32m"node:path"[0m;
  [90m3 |[0m
  [90m4 |[0m /**

Ecmascript file had an error

Import trace:
  Edge Instrumentation:
    ./lib/server/paths.ts
    ./lib/server/runtime-logger.ts
    ./instrumentation.ts


2026-09-15T15:48:16.070Z [WARN] [33m[1m⚠[22m[39m ./lib/server/runtime-logger.ts:1:1
[1m[33mWarning[39m: A Node.js module is loaded ('node:fs' at line 1) which is not supported in the Edge Runtime.
    Learn More: https://nextjs.org/docs/messages/node-module-in-edge-runtime[22m
[33m[1m>[0m [90m1 |[0m [36mimport[0m fs [36mfrom[0m [32m"node:fs"[0m;
  [90m  |[0m [33m[1m^^^^^^^^^^^^^^^^^^^^^^^^^[0m
  [90m2 |[0m [36mimport[0m path [36mfrom[0m [32m"node:path"[0m;
  [90m3 |[0m [36mimport[0m { [33mDATA_DIR[0m } [36mfrom[0m [32m"./paths"[0m;
  [90m4 |[0m

Ecmascript file had an error

Import trace:
  Edge Instrumentation:
    ./lib/server/runtime-logger.ts
    ./instrumentation.ts


2026-09-15T15:48:16.081Z [WARN] [33m[1m⚠[22m[39m ./lib/server/paths.ts:2:1
[1m[33mWarning[39m: A Node.js module is loaded ('node:path' at line 2) which is not supported in the Edge Runtime.
    Learn More: https://nextjs.org/docs/messages/node-module-in-edge-runtime[22m
  [90m1 |[0m [36mimport[0m fs [36mfrom[0m [32m"node:fs"[0m;
[33m[1m>[0m [90m2 |[0m [36mimport[0m path [36mfrom[0m [32m"node:path"[0m;
  [90m  |[0m [33m[1m^^^^^^^^^^^^^^^^^^^^^^^^^^^^^[0m
  [90m3 |[0m
  [90m4 |[0m /**
  [90m5 |[0m  * 数据目录（便于 [33mDocker[0m 映射）。

Ecmascript file had an error

Import trace:
  Edge Instrumentation:
    ./lib/server/paths.ts
    ./lib/server/runtime-logger.ts
    ./instrumentation.ts


2026-09-15T15:48:16.091Z [WARN] [33m[1m⚠[22m[39m ./lib/server/runtime-logger.ts:2:1
[1m[33mWarning[39m: A Node.js module is loaded ('node:path' at line 2) which is not supported in the Edge Runtime.
    Learn More: https://nextjs.org/docs/messages/node-module-in-edge-runtime[22m
  [90m1 |[0m [36mimport[0m fs [36mfrom[0m [32m"node:fs"[0m;
[33m[1m>[0m [90m2 |[0m [36mimport[0m path [36mfrom[0m [32m"node:path"[0m;
  [90m  |[0m [33m[1m^^^^^^^^^^^^^^^^^^^^^^^^^^^^^[0m
  [90m3 |[0m [36mimport[0m { [33mDATA_DIR[0m } [36mfrom[0m [32m"./paths"[0m;
  [90m4 |[0m
  [90m5 |[0m [36mconst[0m [33mLOG_DIR[0m = path.join([33mDATA_DIR[0m, [32m"logs"[0m);

Ecmascript file had an error

Import trace:
  Edge Instrumentation:
    ./lib/server/runtime-logger.ts
    ./instrumentation.ts


2026-09-15T15:48:19.426Z [WARN] [33m[1m⚠[22m[39m ./lib/server/paths.ts:10:14
[1m[33mWarning[39m: A Node.js API is used (process.cwd at line: 10) which is not supported in the Edge Runtime.
    Learn more: https://nextjs.org/docs/api-reference/edge-runtime[22m
  [90m 8 |[0m [36mexport[0m [36mconst[0m [33mDATA_DIR[0m = process.env.[33mDATA_DIR[0m
  [90m 9 |[0m 	? path.resolve(process.env.[33mDATA_DIR[0m)
[33m[1m>[0m [90m10 |[0m 	: path.join(process.cwd(), [32m"data"[0m);
  [90m   |[0m             [33m[1m^^^^^^^^^^^[0m
  [90m11 |[0m
  [90m12 |[0m [36mconst[0m [33mSTRUCTURED_FILE_EXTENSIONS[0m = [[32m".yaml"[0m, [32m".yml"[0m, [32m".json"[0m] [36mas[0m [36mco...[0m
  [90m13 |[0m

Ecmascript file had an error

Import trace:
  Edge Instrumentation:
    ./lib/server/paths.ts
    ./lib/server/runtime-logger.ts
    ./instrumentation.ts


2026-09-15T15:48:19.433Z [WARN] [33m[1m⚠[22m[39m ./lib/server/runtime-logger.ts:52:50
[1m[33mWarning[39m: A Node.js API is used (process.pid at line: 52) which is not supported in the Edge Runtime.
    Learn more: https://nextjs.org/docs/api-reference/edge-runtime[22m
  [90m50 |[0m ...ues);
  [90m51 |[0m ...
[33m[1m>[0m [90m52 |[0m ...[32mer logger started"[0m, [32m`pid=[0m${process.pid[32m}`[0m]);
  [90m   |[0m                               [33m[1m^^^^^^^^^^^[0m
  [90m53 |[0m ...
  [90m54 |[0m ...
  [90m55 |[0m ...untimeError(error: unknown, requestPath?: string) {

Ecmascript file had an error

Import trace:
  Edge Instrumentation:
    ./lib/server/runtime-logger.ts
    ./instrumentation.ts


2026-09-15T15:48:19.447Z [WARN] [33m[1m⚠[22m[39m ./lib/server/paths.ts:1:1
[1m[33mWarning[39m: A Node.js module is loaded ('node:fs' at line 1) which is not supported in the Edge Runtime.
    Learn More: https://nextjs.org/docs/messages/node-module-in-edge-runtime[22m
[33m[1m>[0m [90m1 |[0m [36mimport[0m fs [36mfrom[0m [32m"node:fs"[0m;
  [90m  |[0m [33m[1m^^^^^^^^^^^^^^^^^^^^^^^^^[0m
  [90m2 |[0m [36mimport[0m path [36mfrom[0m [32m"node:path"[0m;
  [90m3 |[0m
  [90m4 |[0m /**

Ecmascript file had an error

Import trace:
  Edge Instrumentation:
    ./lib/server/paths.ts
    ./lib/server/runtime-logger.ts
    ./instrumentation.ts


2026-09-15T15:48:19.482Z [WARN] [33m[1m⚠[22m[39m ./lib/server/runtime-logger.ts:1:1
[1m[33mWarning[39m: A Node.js module is loaded ('node:fs' at line 1) which is not supported in the Edge Runtime.
    Learn More: https://nextjs.org/docs/messages/node-module-in-edge-runtime[22m
[33m[1m>[0m [90m1 |[0m [36mimport[0m fs [36mfrom[0m [32m"node:fs"[0m;
  [90m  |[0m [33m[1m^^^^^^^^^^^^^^^^^^^^^^^^^[0m
  [90m2 |[0m [36mimport[0m path [36mfrom[0m [32m"node:path"[0m;
  [90m3 |[0m [36mimport[0m { [33mDATA_DIR[0m } [36mfrom[0m [32m"./paths"[0m;
  [90m4 |[0m

Ecmascript file had an error

Import trace:
  Edge Instrumentation:
    ./lib/server/runtime-logger.ts
    ./instrumentation.ts


2026-09-15T15:48:19.494Z [WARN] [33m[1m⚠[22m[39m ./lib/server/paths.ts:2:1
[1m[33mWarning[39m: A Node.js module is loaded ('node:path' at line 2) which is not supported in the Edge Runtime.
    Learn More: https://nextjs.org/docs/messages/node-module-in-edge-runtime[22m
  [90m1 |[0m [36mimport[0m fs [36mfrom[0m [32m"node:fs"[0m;
[33m[1m>[0m [90m2 |[0m [36mimport[0m path [36mfrom[0m [32m"node:path"[0m;
  [90m  |[0m [33m[1m^^^^^^^^^^^^^^^^^^^^^^^^^^^^^[0m
  [90m3 |[0m
  [90m4 |[0m /**
  [90m5 |[0m  * 数据目录（便于 [33mDocker[0m 映射）。

Ecmascript file had an error

Import trace:
  Edge Instrumentation:
    ./lib/server/paths.ts
    ./lib/server/runtime-logger.ts
    ./instrumentation.ts


2026-09-15T15:48:19.536Z [WARN] [33m[1m⚠[22m[39m ./lib/server/runtime-logger.ts:2:1
[1m[33mWarning[39m: A Node.js module is loaded ('node:path' at line 2) which is not supported in the Edge Runtime.
    Learn More: https://nextjs.org/docs/messages/node-module-in-edge-runtime[22m
  [90m1 |[0m [36mimport[0m fs [36mfrom[0m [32m"node:fs"[0m;
[33m[1m>[0m [90m2 |[0m [36mimport[0m path [36mfrom[0m [32m"node:path"[0m;
  [90m  |[0m [33m[1m^^^^^^^^^^^^^^^^^^^^^^^^^^^^^[0m
  [90m3 |[0m [36mimport[0m { [33mDATA_DIR[0m } [36mfrom[0m [32m"./paths"[0m;
  [90m4 |[0m
  [90m5 |[0m [36mconst[0m [33mLOG_DIR[0m = path.join([33mDATA_DIR[0m, [32m"logs"[0m);

Ecmascript file had an error

Import trace:
  Edge Instrumentation:
    ./lib/server/runtime-logger.ts
    ./instrumentation.ts


2026-09-15T16:07:17.150Z [WARN] [33m[1m⚠[22m[39m ./lib/server/paths.ts:10:14
[1m[33mWarning[39m: A Node.js API is used (process.cwd at line: 10) which is not supported in the Edge Runtime.
    Learn more: https://nextjs.org/docs/api-reference/edge-runtime[22m
  [90m 8 |[0m [36mexport[0m [36mconst[0m [33mDATA_DIR[0m = process.env.[33mDATA_DIR[0m
  [90m 9 |[0m 	? path.resolve(process.env.[33mDATA_DIR[0m)
[33m[1m>[0m [90m10 |[0m 	: path.join(process.cwd(), [32m"data"[0m);
  [90m   |[0m             [33m[1m^^^^^^^^^^^[0m
  [90m11 |[0m
  [90m12 |[0m [36mconst[0m [33mSTRUCTURED_FILE_EXTENSIONS[0m = [[32m".yaml"[0m, [32m".yml"[0m, [32m".json"[0m] [36mas[0m [36mco...[0m
  [90m13 |[0m

Ecmascript file had an error

Import trace:
  Edge Instrumentation:
    ./lib/server/paths.ts
    ./lib/server/runtime-logger.ts
    ./instrumentation.ts


2026-09-15T16:07:17.156Z [WARN] [33m[1m⚠[22m[39m ./lib/server/runtime-logger.ts:52:50
[1m[33mWarning[39m: A Node.js API is used (process.pid at line: 52) which is not supported in the Edge Runtime.
    Learn more: https://nextjs.org/docs/api-reference/edge-runtime[22m
  [90m50 |[0m ...ues);
  [90m51 |[0m ...
[33m[1m>[0m [90m52 |[0m ...[32mer logger started"[0m, [32m`pid=[0m${process.pid[32m}`[0m]);
  [90m   |[0m                               [33m[1m^^^^^^^^^^^[0m
  [90m53 |[0m ...
  [90m54 |[0m ...
  [90m55 |[0m ...untimeError(error: unknown, requestPath?: string) {

Ecmascript file had an error

Import trace:
  Edge Instrumentation:
    ./lib/server/runtime-logger.ts
    ./instrumentation.ts


2026-09-15T16:07:17.164Z [WARN] [33m[1m⚠[22m[39m ./lib/server/paths.ts:1:1
[1m[33mWarning[39m: A Node.js module is loaded ('node:fs' at line 1) which is not supported in the Edge Runtime.
    Learn More: https://nextjs.org/docs/messages/node-module-in-edge-runtime[22m
[33m[1m>[0m [90m1 |[0m [36mimport[0m fs [36mfrom[0m [32m"node:fs"[0m;
  [90m  |[0m [33m[1m^^^^^^^^^^^^^^^^^^^^^^^^^[0m
  [90m2 |[0m [36mimport[0m path [36mfrom[0m [32m"node:path"[0m;
  [90m3 |[0m
  [90m4 |[0m /**

Ecmascript file had an error

Import trace:
  Edge Instrumentation:
    ./lib/server/paths.ts
    ./lib/server/runtime-logger.ts
    ./instrumentation.ts


2026-09-15T16:07:17.174Z [WARN] [33m[1m⚠[22m[39m ./lib/server/runtime-logger.ts:1:1
[1m[33mWarning[39m: A Node.js module is loaded ('node:fs' at line 1) which is not supported in the Edge Runtime.
    Learn More: https://nextjs.org/docs/messages/node-module-in-edge-runtime[22m
[33m[1m>[0m [90m1 |[0m [36mimport[0m fs [36mfrom[0m [32m"node:fs"[0m;
  [90m  |[0m [33m[1m^^^^^^^^^^^^^^^^^^^^^^^^^[0m
  [90m2 |[0m [36mimport[0m path [36mfrom[0m [32m"node:path"[0m;
  [90m3 |[0m [36mimport[0m { [33mDATA_DIR[0m } [36mfrom[0m [32m"./paths"[0m;
  [90m4 |[0m

Ecmascript file had an error

Import trace:
  Edge Instrumentation:
    ./lib/server/runtime-logger.ts
    ./instrumentation.ts


2026-09-15T16:07:17.184Z [WARN] [33m[1m⚠[22m[39m ./lib/server/paths.ts:2:1
[1m[33mWarning[39m: A Node.js module is loaded ('node:path' at line 2) which is not supported in the Edge Runtime.
    Learn More: https://nextjs.org/docs/messages/node-module-in-edge-runtime[22m
  [90m1 |[0m [36mimport[0m fs [36mfrom[0m [32m"node:fs"[0m;
[33m[1m>[0m [90m2 |[0m [36mimport[0m path [36mfrom[0m [32m"node:path"[0m;
  [90m  |[0m [33m[1m^^^^^^^^^^^^^^^^^^^^^^^^^^^^^[0m
  [90m3 |[0m
  [90m4 |[0m /**
  [90m5 |[0m  * 数据目录（便于 [33mDocker[0m 映射）。

Ecmascript file had an error

Import trace:
  Edge Instrumentation:
    ./lib/server/paths.ts
    ./lib/server/runtime-logger.ts
    ./instrumentation.ts


2026-09-15T16:07:17.195Z [WARN] [33m[1m⚠[22m[39m ./lib/server/runtime-logger.ts:2:1
[1m[33mWarning[39m: A Node.js module is loaded ('node:path' at line 2) which is not supported in the Edge Runtime.
    Learn More: https://nextjs.org/docs/messages/node-module-in-edge-runtime[22m
  [90m1 |[0m [36mimport[0m fs [36mfrom[0m [32m"node:fs"[0m;
[33m[1m>[0m [90m2 |[0m [36mimport[0m path [36mfrom[0m [32m"node:path"[0m;
  [90m  |[0m [33m[1m^^^^^^^^^^^^^^^^^^^^^^^^^^^^^[0m
  [90m3 |[0m [36mimport[0m { [33mDATA_DIR[0m } [36mfrom[0m [32m"./paths"[0m;
  [90m4 |[0m
  [90m5 |[0m [36mconst[0m [33mLOG_DIR[0m = path.join([33mDATA_DIR[0m, [32m"logs"[0m);

Ecmascript file had an error

Import trace:
  Edge Instrumentation:
    ./lib/server/runtime-logger.ts
    ./instrumentation.ts


2026-09-15T16:07:17.733Z [WARN] [33m[1m⚠[22m[39m ./lib/server/paths.ts:10:14
[1m[33mWarning[39m: A Node.js API is used (process.cwd at line: 10) which is not supported in the Edge Runtime.
    Learn more: https://nextjs.org/docs/api-reference/edge-runtime[22m
  [90m 8 |[0m [36mexport[0m [36mconst[0m [33mDATA_DIR[0m = process.env.[33mDATA_DIR[0m
  [90m 9 |[0m 	? path.resolve(process.env.[33mDATA_DIR[0m)
[33m[1m>[0m [90m10 |[0m 	: path.join(process.cwd(), [32m"data"[0m);
  [90m   |[0m             [33m[1m^^^^^^^^^^^[0m
  [90m11 |[0m
  [90m12 |[0m [36mconst[0m [33mSTRUCTURED_FILE_EXTENSIONS[0m = [[32m".yaml"[0m, [32m".yml"[0m, [32m".json"[0m] [36mas[0m [36mco...[0m
  [90m13 |[0m

Ecmascript file had an error

Import trace:
  Edge Instrumentation:
    ./lib/server/paths.ts
    ./lib/server/runtime-logger.ts
    ./instrumentation.ts


2026-09-15T16:07:17.750Z [WARN] [33m[1m⚠[22m[39m ./lib/server/runtime-logger.ts:52:50
[1m[33mWarning[39m: A Node.js API is used (process.pid at line: 52) which is not supported in the Edge Runtime.
    Learn more: https://nextjs.org/docs/api-reference/edge-runtime[22m
  [90m50 |[0m ...ues);
  [90m51 |[0m ...
[33m[1m>[0m [90m52 |[0m ...[32mer logger started"[0m, [32m`pid=[0m${process.pid[32m}`[0m]);
  [90m   |[0m                               [33m[1m^^^^^^^^^^^[0m
  [90m53 |[0m ...
  [90m54 |[0m ...
  [90m55 |[0m ...untimeError(error: unknown, requestPath?: string) {

Ecmascript file had an error

Import trace:
  Edge Instrumentation:
    ./lib/server/runtime-logger.ts
    ./instrumentation.ts


2026-09-15T16:07:17.765Z [WARN] [33m[1m⚠[22m[39m ./lib/server/paths.ts:1:1
[1m[33mWarning[39m: A Node.js module is loaded ('node:fs' at line 1) which is not supported in the Edge Runtime.
    Learn More: https://nextjs.org/docs/messages/node-module-in-edge-runtime[22m
[33m[1m>[0m [90m1 |[0m [36mimport[0m fs [36mfrom[0m [32m"node:fs"[0m;
  [90m  |[0m [33m[1m^^^^^^^^^^^^^^^^^^^^^^^^^[0m
  [90m2 |[0m [36mimport[0m path [36mfrom[0m [32m"node:path"[0m;
  [90m3 |[0m
  [90m4 |[0m /**

Ecmascript file had an error

Import trace:
  Edge Instrumentation:
    ./lib/server/paths.ts
    ./lib/server/runtime-logger.ts
    ./instrumentation.ts


2026-09-15T16:07:17.781Z [WARN] [33m[1m⚠[22m[39m ./lib/server/runtime-logger.ts:1:1
[1m[33mWarning[39m: A Node.js module is loaded ('node:fs' at line 1) which is not supported in the Edge Runtime.
    Learn More: https://nextjs.org/docs/messages/node-module-in-edge-runtime[22m
[33m[1m>[0m [90m1 |[0m [36mimport[0m fs [36mfrom[0m [32m"node:fs"[0m;
  [90m  |[0m [33m[1m^^^^^^^^^^^^^^^^^^^^^^^^^[0m
  [90m2 |[0m [36mimport[0m path [36mfrom[0m [32m"node:path"[0m;
  [90m3 |[0m [36mimport[0m { [33mDATA_DIR[0m } [36mfrom[0m [32m"./paths"[0m;
  [90m4 |[0m

Ecmascript file had an error

Import trace:
  Edge Instrumentation:
    ./lib/server/runtime-logger.ts
    ./instrumentation.ts


2026-09-15T16:07:17.924Z [WARN] [33m[1m⚠[22m[39m ./lib/server/paths.ts:2:1
[1m[33mWarning[39m: A Node.js module is loaded ('node:path' at line 2) which is not supported in the Edge Runtime.
    Learn More: https://nextjs.org/docs/messages/node-module-in-edge-runtime[22m
  [90m1 |[0m [36mimport[0m fs [36mfrom[0m [32m"node:fs"[0m;
[33m[1m>[0m [90m2 |[0m [36mimport[0m path [36mfrom[0m [32m"node:path"[0m;
  [90m  |[0m [33m[1m^^^^^^^^^^^^^^^^^^^^^^^^^^^^^[0m
  [90m3 |[0m
  [90m4 |[0m /**
  [90m5 |[0m  * 数据目录（便于 [33mDocker[0m 映射）。

Ecmascript file had an error

Import trace:
  Edge Instrumentation:
    ./lib/server/paths.ts
    ./lib/server/runtime-logger.ts
    ./instrumentation.ts


2026-09-15T16:07:17.948Z [WARN] [33m[1m⚠[22m[39m ./lib/server/runtime-logger.ts:2:1
[1m[33mWarning[39m: A Node.js module is loaded ('node:path' at line 2) which is not supported in the Edge Runtime.
    Learn More: https://nextjs.org/docs/messages/node-module-in-edge-runtime[22m
  [90m1 |[0m [36mimport[0m fs [36mfrom[0m [32m"node:fs"[0m;
[33m[1m>[0m [90m2 |[0m [36mimport[0m path [36mfrom[0m [32m"node:path"[0m;
  [90m  |[0m [33m[1m^^^^^^^^^^^^^^^^^^^^^^^^^^^^^[0m
  [90m3 |[0m [36mimport[0m { [33mDATA_DIR[0m } [36mfrom[0m [32m"./paths"[0m;
  [90m4 |[0m
  [90m5 |[0m [36mconst[0m [33mLOG_DIR[0m = path.join([33mDATA_DIR[0m, [32m"logs"[0m);

Ecmascript file had an error

Import trace:
  Edge Instrumentation:
    ./lib/server/runtime-logger.ts
    ./instrumentation.ts


2026-09-15T16:07:18.573Z [WARN] [33m[1m⚠[22m[39m ./lib/server/paths.ts:10:14
[1m[33mWarning[39m: A Node.js API is used (process.cwd at line: 10) which is not supported in the Edge Runtime.
    Learn more: https://nextjs.org/docs/api-reference/edge-runtime[22m
  [90m 8 |[0m [36mexport[0m [36mconst[0m [33mDATA_DIR[0m = process.env.[33mDATA_DIR[0m
  [90m 9 |[0m 	? path.resolve(process.env.[33mDATA_DIR[0m)
[33m[1m>[0m [90m10 |[0m 	: path.join(process.cwd(), [32m"data"[0m);
  [90m   |[0m             [33m[1m^^^^^^^^^^^[0m
  [90m11 |[0m
  [90m12 |[0m [36mconst[0m [33mSTRUCTURED_FILE_EXTENSIONS[0m = [[32m".yaml"[0m, [32m".yml"[0m, [32m".json"[0m] [36mas[0m [36mco...[0m
  [90m13 |[0m

Ecmascript file had an error

Import trace:
  Edge Instrumentation:
    ./lib/server/paths.ts
    ./lib/server/runtime-logger.ts
    ./instrumentation.ts


2026-09-15T16:07:18.651Z [WARN] [33m[1m⚠[22m[39m ./lib/server/runtime-logger.ts:52:50
[1m[33mWarning[39m: A Node.js API is used (process.pid at line: 52) which is not supported in the Edge Runtime.
    Learn more: https://nextjs.org/docs/api-reference/edge-runtime[22m
  [90m50 |[0m ...ues);
  [90m51 |[0m ...
[33m[1m>[0m [90m52 |[0m ...[32mer logger started"[0m, [32m`pid=[0m${process.pid[32m}`[0m]);
  [90m   |[0m                               [33m[1m^^^^^^^^^^^[0m
  [90m53 |[0m ...
  [90m54 |[0m ...
  [90m55 |[0m ...untimeError(error: unknown, requestPath?: string) {

Ecmascript file had an error

Import trace:
  Edge Instrumentation:
    ./lib/server/runtime-logger.ts
    ./instrumentation.ts


2026-09-15T16:07:18.667Z [WARN] [33m[1m⚠[22m[39m ./lib/server/paths.ts:1:1
[1m[33mWarning[39m: A Node.js module is loaded ('node:fs' at line 1) which is not supported in the Edge Runtime.
    Learn More: https://nextjs.org/docs/messages/node-module-in-edge-runtime[22m
[33m[1m>[0m [90m1 |[0m [36mimport[0m fs [36mfrom[0m [32m"node:fs"[0m;
  [90m  |[0m [33m[1m^^^^^^^^^^^^^^^^^^^^^^^^^[0m
  [90m2 |[0m [36mimport[0m path [36mfrom[0m [32m"node:path"[0m;
  [90m3 |[0m
  [90m4 |[0m /**

Ecmascript file had an error

Import trace:
  Edge Instrumentation:
    ./lib/server/paths.ts
    ./lib/server/runtime-logger.ts
    ./instrumentation.ts


2026-09-15T16:07:18.726Z [WARN] [33m[1m⚠[22m[39m ./lib/server/runtime-logger.ts:1:1
[1m[33mWarning[39m: A Node.js module is loaded ('node:fs' at line 1) which is not supported in the Edge Runtime.
    Learn More: https://nextjs.org/docs/messages/node-module-in-edge-runtime[22m
[33m[1m>[0m [90m1 |[0m [36mimport[0m fs [36mfrom[0m [32m"node:fs"[0m;
  [90m  |[0m [33m[1m^^^^^^^^^^^^^^^^^^^^^^^^^[0m
  [90m2 |[0m [36mimport[0m path [36mfrom[0m [32m"node:path"[0m;
  [90m3 |[0m [36mimport[0m { [33mDATA_DIR[0m } [36mfrom[0m [32m"./paths"[0m;
  [90m4 |[0m

Ecmascript file had an error

Import trace:
  Edge Instrumentation:
    ./lib/server/runtime-logger.ts
    ./instrumentation.ts


2026-09-15T16:07:18.741Z [WARN] [33m[1m⚠[22m[39m ./lib/server/paths.ts:2:1
[1m[33mWarning[39m: A Node.js module is loaded ('node:path' at line 2) which is not supported in the Edge Runtime.
    Learn More: https://nextjs.org/docs/messages/node-module-in-edge-runtime[22m
  [90m1 |[0m [36mimport[0m fs [36mfrom[0m [32m"node:fs"[0m;
[33m[1m>[0m [90m2 |[0m [36mimport[0m path [36mfrom[0m [32m"node:path"[0m;
  [90m  |[0m [33m[1m^^^^^^^^^^^^^^^^^^^^^^^^^^^^^[0m
  [90m3 |[0m
  [90m4 |[0m /**
  [90m5 |[0m  * 数据目录（便于 [33mDocker[0m 映射）。

Ecmascript file had an error

Import trace:
  Edge Instrumentation:
    ./lib/server/paths.ts
    ./lib/server/runtime-logger.ts
    ./instrumentation.ts


2026-09-15T16:07:18.771Z [WARN] [33m[1m⚠[22m[39m ./lib/server/runtime-logger.ts:2:1
[1m[33mWarning[39m: A Node.js module is loaded ('node:path' at line 2) which is not supported in the Edge Runtime.
    Learn More: https://nextjs.org/docs/messages/node-module-in-edge-runtime[22m
  [90m1 |[0m [36mimport[0m fs [36mfrom[0m [32m"node:fs"[0m;
[33m[1m>[0m [90m2 |[0m [36mimport[0m path [36mfrom[0m [32m"node:path"[0m;
  [90m  |[0m [33m[1m^^^^^^^^^^^^^^^^^^^^^^^^^^^^^[0m
  [90m3 |[0m [36mimport[0m { [33mDATA_DIR[0m } [36mfrom[0m [32m"./paths"[0m;
  [90m4 |[0m
  [90m5 |[0m [36mconst[0m [33mLOG_DIR[0m = path.join([33mDATA_DIR[0m, [32m"logs"[0m);

Ecmascript file had an error

Import trace:
  Edge Instrumentation:
    ./lib/server/runtime-logger.ts
    ./instrumentation.ts


2026-09-15T16:07:18.824Z [WARN] [33m[1m⚠[22m[39m ./lib/server/paths.ts:10:14
[1m[33mWarning[39m: A Node.js API is used (process.cwd at line: 10) which is not supported in the Edge Runtime.
    Learn more: https://nextjs.org/docs/api-reference/edge-runtime[22m
  [90m 8 |[0m [36mexport[0m [36mconst[0m [33mDATA_DIR[0m = process.env.[33mDATA_DIR[0m
  [90m 9 |[0m 	? path.resolve(process.env.[33mDATA_DIR[0m)
[33m[1m>[0m [90m10 |[0m 	: path.join(process.cwd(), [32m"data"[0m);
  [90m   |[0m             [33m[1m^^^^^^^^^^^[0m
  [90m11 |[0m
  [90m12 |[0m [36mconst[0m [33mSTRUCTURED_FILE_EXTENSIONS[0m = [[32m".yaml"[0m, [32m".yml"[0m, [32m".json"[0m] [36mas[0m [36mco...[0m
  [90m13 |[0m

Ecmascript file had an error

Import trace:
  Edge Instrumentation:
    ./lib/server/paths.ts
    ./lib/server/runtime-logger.ts
    ./instrumentation.ts


2026-09-15T16:07:18.854Z [WARN] [33m[1m⚠[22m[39m ./lib/server/runtime-logger.ts:52:50
[1m[33mWarning[39m: A Node.js API is used (process.pid at line: 52) which is not supported in the Edge Runtime.
    Learn more: https://nextjs.org/docs/api-reference/edge-runtime[22m
  [90m50 |[0m ...ues);
  [90m51 |[0m ...
[33m[1m>[0m [90m52 |[0m ...[32mer logger started"[0m, [32m`pid=[0m${process.pid[32m}`[0m]);
  [90m   |[0m                               [33m[1m^^^^^^^^^^^[0m
  [90m53 |[0m ...
  [90m54 |[0m ...
  [90m55 |[0m ...untimeError(error: unknown, requestPath?: string) {

Ecmascript file had an error

Import trace:
  Edge Instrumentation:
    ./lib/server/runtime-logger.ts
    ./instrumentation.ts


2026-09-15T16:07:18.888Z [WARN] [33m[1m⚠[22m[39m ./lib/server/paths.ts:1:1
[1m[33mWarning[39m: A Node.js module is loaded ('node:fs' at line 1) which is not supported in the Edge Runtime.
    Learn More: https://nextjs.org/docs/messages/node-module-in-edge-runtime[22m
[33m[1m>[0m [90m1 |[0m [36mimport[0m fs [36mfrom[0m [32m"node:fs"[0m;
  [90m  |[0m [33m[1m^^^^^^^^^^^^^^^^^^^^^^^^^[0m
  [90m2 |[0m [36mimport[0m path [36mfrom[0m [32m"node:path"[0m;
  [90m3 |[0m
  [90m4 |[0m /**

Ecmascript file had an error

Import trace:
  Edge Instrumentation:
    ./lib/server/paths.ts
    ./lib/server/runtime-logger.ts
    ./instrumentation.ts


2026-09-15T16:07:18.905Z [WARN] [33m[1m⚠[22m[39m ./lib/server/runtime-logger.ts:1:1
[1m[33mWarning[39m: A Node.js module is loaded ('node:fs' at line 1) which is not supported in the Edge Runtime.
    Learn More: https://nextjs.org/docs/messages/node-module-in-edge-runtime[22m
[33m[1m>[0m [90m1 |[0m [36mimport[0m fs [36mfrom[0m [32m"node:fs"[0m;
  [90m  |[0m [33m[1m^^^^^^^^^^^^^^^^^^^^^^^^^[0m
  [90m2 |[0m [36mimport[0m path [36mfrom[0m [32m"node:path"[0m;
  [90m3 |[0m [36mimport[0m { [33mDATA_DIR[0m } [36mfrom[0m [32m"./paths"[0m;
  [90m4 |[0m

Ecmascript file had an error

Import trace:
  Edge Instrumentation:
    ./lib/server/runtime-logger.ts
    ./instrumentation.ts


2026-09-15T16:07:18.921Z [WARN] [33m[1m⚠[22m[39m ./lib/server/paths.ts:2:1
[1m[33mWarning[39m: A Node.js module is loaded ('node:path' at line 2) which is not supported in the Edge Runtime.
    Learn More: https://nextjs.org/docs/messages/node-module-in-edge-runtime[22m
  [90m1 |[0m [36mimport[0m fs [36mfrom[0m [32m"node:fs"[0m;
[33m[1m>[0m [90m2 |[0m [36mimport[0m path [36mfrom[0m [32m"node:path"[0m;
  [90m  |[0m [33m[1m^^^^^^^^^^^^^^^^^^^^^^^^^^^^^[0m
  [90m3 |[0m
  [90m4 |[0m /**
  [90m5 |[0m  * 数据目录（便于 [33mDocker[0m 映射）。

Ecmascript file had an error

Import trace:
  Edge Instrumentation:
    ./lib/server/paths.ts
    ./lib/server/runtime-logger.ts
    ./instrumentation.ts


2026-09-15T16:07:18.938Z [WARN] [33m[1m⚠[22m[39m ./lib/server/runtime-logger.ts:2:1
[1m[33mWarning[39m: A Node.js module is loaded ('node:path' at line 2) which is not supported in the Edge Runtime.
    Learn More: https://nextjs.org/docs/messages/node-module-in-edge-runtime[22m
  [90m1 |[0m [36mimport[0m fs [36mfrom[0m [32m"node:fs"[0m;
[33m[1m>[0m [90m2 |[0m [36mimport[0m path [36mfrom[0m [32m"node:path"[0m;
  [90m  |[0m [33m[1m^^^^^^^^^^^^^^^^^^^^^^^^^^^^^[0m
  [90m3 |[0m [36mimport[0m { [33mDATA_DIR[0m } [36mfrom[0m [32m"./paths"[0m;
  [90m4 |[0m
  [90m5 |[0m [36mconst[0m [33mLOG_DIR[0m = path.join([33mDATA_DIR[0m, [32m"logs"[0m);

Ecmascript file had an error

Import trace:
  Edge Instrumentation:
    ./lib/server/runtime-logger.ts
    ./instrumentation.ts


2026-09-15T16:07:33.919Z [ERROR] [36m[browser][39m In HTML, <button> cannot be a descendant of <button>.
This will cause a hydration error.

  ...
    <SegmentViewNode type="page" pagePath="admin/(das...">
      <SegmentTrieNode>
      <SitesPage>
        <SitesEditor>
          <DndContext sensors={[...]} collisionDetection={function siteAwareCollisionDetection} measuring={{...}} ...>
            <div className="flex h-[ca...">
              <div className="flex min-h...">
                <div className="hidden w-6...">
                  <div>
                  <div className="flex-1 ove...">
                    <div className="flex flex-...">
                      <DroppableCategoryButton cat={{category:{...}, ...}} isExpanded={true} isSelected={false} ...>
                        <div>
>                         <button
>                           ref={function useNodeRef.useCallback[setNodeRef]}
>                           type="button"
>                           onClick={function DroppableCategoryButton[<button>.onClick]}
>                           className="relative flex w-full cursor-pointer items-center gap-2 overflow-hidden rounded-..."
>                         >
                            <span>
                            <span>
                            <span>
                            <ButtonRoot isIconOnly={true} size="sm" variant="ghost" className="size-7 shr..." ...>
                              <Button className={function} data-slot="button" isDisabled={undefined} slot={undefined} ...>
                                <bound $7230ffa83bc0c2cf$var$DOMElement data-slot="button" className="button but..." ...>
>                                 <button
>                                   data-slot="button"
>                                   className="button button--icon-only button--sm button--ghost size-7 shrink-0"
>                                   style={undefined}
>                                   data-rac=""
>                                   type="button"
>                                   disabled={undefined}
>                                   form={undefined}
>                                   formAction={undefined}
>                                   formEncType={undefined}
>                                   formMethod={undefined}
>                                   formNoValidate={undefined}
>                                   formTarget={undefined}
>                                   name={undefined}
>                                   value={undefined}
>                                   onFocus={function}
>                                   onBlur={function}
>                                   onKeyDown={function onKeyDown}
>                                   onKeyUp={undefined}
>                                   tabIndex={0}
>                                   onClick={function onClick}
>                                   onPointerDown={function}
>                                   onMouseDown={function}
>                                   onPointerUp={function}
>                                   onPointerEnter={function}
>                                   onPointerLeave={function}
>                                   onDragStart={function}
>                                   data-react-aria-pressable={true}
>                                   aria-label="Hide category"
>                                   aria-haspopup={undefined}
>                                   aria-expanded={undefined}
>                                   aria-controls={undefined}
>                                   aria-pressed={undefined}
>                                   aria-current={undefined}
>                                   aria-disabled={undefined}
>                                   id="react-aria3104918884-_r_2n_"
>                                   aria-labelledby={undefined}
>                                   slot={undefined}
>                                   data-disabled={undefined}
>                                   data-pressed={undefined}
>                                   data-hovered={undefined}
>                                   data-focused={undefined}
>                                   data-pending={undefined}
>                                   data-focus-visible={undefined}
>                                   ref={function}
>                                 >
                            ...
                          ...
                      ...
                ...
              ...
            ...
            ...
            ...
    ...
 
2026-09-15T16:07:33.992Z [ERROR] [36m[browser][39m <button> cannot contain a nested <button>.
See this log for the ancestor stack trace. 
2026-09-15T16:07:44.184Z [WARN] [33m[1m⚠[22m[39m ./lib/server/paths.ts:10:14
[1m[33mWarning[39m: A Node.js API is used (process.cwd at line: 10) which is not supported in the Edge Runtime.
    Learn more: https://nextjs.org/docs/api-reference/edge-runtime[22m
  [90m 8 |[0m [36mexport[0m [36mconst[0m [33mDATA_DIR[0m = process.env.[33mDATA_DIR[0m
  [90m 9 |[0m 	? path.resolve(process.env.[33mDATA_DIR[0m)
[33m[1m>[0m [90m10 |[0m 	: path.join(process.cwd(), [32m"data"[0m);
  [90m   |[0m             [33m[1m^^^^^^^^^^^[0m
  [90m11 |[0m
  [90m12 |[0m [36mconst[0m [33mSTRUCTURED_FILE_EXTENSIONS[0m = [[32m".yaml"[0m, [32m".yml"[0m, [32m".json"[0m] [36mas[0m [36mco...[0m
  [90m13 |[0m

Ecmascript file had an error

Import trace:
  Edge Instrumentation:
    ./lib/server/paths.ts
    ./lib/server/runtime-logger.ts
    ./instrumentation.ts


2026-09-15T16:07:44.192Z [WARN] [33m[1m⚠[22m[39m ./lib/server/runtime-logger.ts:52:50
[1m[33mWarning[39m: A Node.js API is used (process.pid at line: 52) which is not supported in the Edge Runtime.
    Learn more: https://nextjs.org/docs/api-reference/edge-runtime[22m
  [90m50 |[0m ...ues);
  [90m51 |[0m ...
[33m[1m>[0m [90m52 |[0m ...[32mer logger started"[0m, [32m`pid=[0m${process.pid[32m}`[0m]);
  [90m   |[0m                               [33m[1m^^^^^^^^^^^[0m
  [90m53 |[0m ...
  [90m54 |[0m ...
  [90m55 |[0m ...untimeError(error: unknown, requestPath?: string) {

Ecmascript file had an error

Import trace:
  Edge Instrumentation:
    ./lib/server/runtime-logger.ts
    ./instrumentation.ts


2026-09-15T16:07:44.199Z [WARN] [33m[1m⚠[22m[39m ./lib/server/paths.ts:1:1
[1m[33mWarning[39m: A Node.js module is loaded ('node:fs' at line 1) which is not supported in the Edge Runtime.
    Learn More: https://nextjs.org/docs/messages/node-module-in-edge-runtime[22m
[33m[1m>[0m [90m1 |[0m [36mimport[0m fs [36mfrom[0m [32m"node:fs"[0m;
  [90m  |[0m [33m[1m^^^^^^^^^^^^^^^^^^^^^^^^^[0m
  [90m2 |[0m [36mimport[0m path [36mfrom[0m [32m"node:path"[0m;
  [90m3 |[0m
  [90m4 |[0m /**

Ecmascript file had an error

Import trace:
  Edge Instrumentation:
    ./lib/server/paths.ts
    ./lib/server/runtime-logger.ts
    ./instrumentation.ts


2026-09-15T16:07:44.203Z [WARN] [33m[1m⚠[22m[39m ./lib/server/runtime-logger.ts:1:1
[1m[33mWarning[39m: A Node.js module is loaded ('node:fs' at line 1) which is not supported in the Edge Runtime.
    Learn More: https://nextjs.org/docs/messages/node-module-in-edge-runtime[22m
[33m[1m>[0m [90m1 |[0m [36mimport[0m fs [36mfrom[0m [32m"node:fs"[0m;
  [90m  |[0m [33m[1m^^^^^^^^^^^^^^^^^^^^^^^^^[0m
  [90m2 |[0m [36mimport[0m path [36mfrom[0m [32m"node:path"[0m;
  [90m3 |[0m [36mimport[0m { [33mDATA_DIR[0m } [36mfrom[0m [32m"./paths"[0m;
  [90m4 |[0m

Ecmascript file had an error

Import trace:
  Edge Instrumentation:
    ./lib/server/runtime-logger.ts
    ./instrumentation.ts


2026-09-15T16:07:44.210Z [WARN] [33m[1m⚠[22m[39m ./lib/server/paths.ts:2:1
[1m[33mWarning[39m: A Node.js module is loaded ('node:path' at line 2) which is not supported in the Edge Runtime.
    Learn More: https://nextjs.org/docs/messages/node-module-in-edge-runtime[22m
  [90m1 |[0m [36mimport[0m fs [36mfrom[0m [32m"node:fs"[0m;
[33m[1m>[0m [90m2 |[0m [36mimport[0m path [36mfrom[0m [32m"node:path"[0m;
  [90m  |[0m [33m[1m^^^^^^^^^^^^^^^^^^^^^^^^^^^^^[0m
  [90m3 |[0m
  [90m4 |[0m /**
  [90m5 |[0m  * 数据目录（便于 [33mDocker[0m 映射）。

Ecmascript file had an error

Import trace:
  Edge Instrumentation:
    ./lib/server/paths.ts
    ./lib/server/runtime-logger.ts
    ./instrumentation.ts


2026-09-15T16:07:44.216Z [WARN] [33m[1m⚠[22m[39m ./lib/server/runtime-logger.ts:2:1
[1m[33mWarning[39m: A Node.js module is loaded ('node:path' at line 2) which is not supported in the Edge Runtime.
    Learn More: https://nextjs.org/docs/messages/node-module-in-edge-runtime[22m
  [90m1 |[0m [36mimport[0m fs [36mfrom[0m [32m"node:fs"[0m;
[33m[1m>[0m [90m2 |[0m [36mimport[0m path [36mfrom[0m [32m"node:path"[0m;
  [90m  |[0m [33m[1m^^^^^^^^^^^^^^^^^^^^^^^^^^^^^[0m
  [90m3 |[0m [36mimport[0m { [33mDATA_DIR[0m } [36mfrom[0m [32m"./paths"[0m;
  [90m4 |[0m
  [90m5 |[0m [36mconst[0m [33mLOG_DIR[0m = path.join([33mDATA_DIR[0m, [32m"logs"[0m);

Ecmascript file had an error

Import trace:
  Edge Instrumentation:
    ./lib/server/runtime-logger.ts
    ./instrumentation.ts


2026-09-15T16:08:14.701Z [WARN] [33m[1m⚠[22m[39m ./lib/server/paths.ts:10:14
[1m[33mWarning[39m: A Node.js API is used (process.cwd at line: 10) which is not supported in the Edge Runtime.
    Learn more: https://nextjs.org/docs/api-reference/edge-runtime[22m
  [90m 8 |[0m [36mexport[0m [36mconst[0m [33mDATA_DIR[0m = process.env.[33mDATA_DIR[0m
  [90m 9 |[0m 	? path.resolve(process.env.[33mDATA_DIR[0m)
[33m[1m>[0m [90m10 |[0m 	: path.join(process.cwd(), [32m"data"[0m);
  [90m   |[0m             [33m[1m^^^^^^^^^^^[0m
  [90m11 |[0m
  [90m12 |[0m [36mconst[0m [33mSTRUCTURED_FILE_EXTENSIONS[0m = [[32m".yaml"[0m, [32m".yml"[0m, [32m".json"[0m] [36mas[0m [36mco...[0m
  [90m13 |[0m

Ecmascript file had an error

Import trace:
  Edge Instrumentation:
    ./lib/server/paths.ts
    ./lib/server/runtime-logger.ts
    ./instrumentation.ts


2026-09-15T16:08:14.711Z [WARN] [33m[1m⚠[22m[39m ./lib/server/runtime-logger.ts:52:50
[1m[33mWarning[39m: A Node.js API is used (process.pid at line: 52) which is not supported in the Edge Runtime.
    Learn more: https://nextjs.org/docs/api-reference/edge-runtime[22m
  [90m50 |[0m ...ues);
  [90m51 |[0m ...
[33m[1m>[0m [90m52 |[0m ...[32mer logger started"[0m, [32m`pid=[0m${process.pid[32m}`[0m]);
  [90m   |[0m                               [33m[1m^^^^^^^^^^^[0m
  [90m53 |[0m ...
  [90m54 |[0m ...
  [90m55 |[0m ...untimeError(error: unknown, requestPath?: string) {

Ecmascript file had an error

Import trace:
  Edge Instrumentation:
    ./lib/server/runtime-logger.ts
    ./instrumentation.ts


2026-09-15T16:08:14.719Z [WARN] [33m[1m⚠[22m[39m ./lib/server/paths.ts:1:1
[1m[33mWarning[39m: A Node.js module is loaded ('node:fs' at line 1) which is not supported in the Edge Runtime.
    Learn More: https://nextjs.org/docs/messages/node-module-in-edge-runtime[22m
[33m[1m>[0m [90m1 |[0m [36mimport[0m fs [36mfrom[0m [32m"node:fs"[0m;
  [90m  |[0m [33m[1m^^^^^^^^^^^^^^^^^^^^^^^^^[0m
  [90m2 |[0m [36mimport[0m path [36mfrom[0m [32m"node:path"[0m;
  [90m3 |[0m
  [90m4 |[0m /**

Ecmascript file had an error

Import trace:
  Edge Instrumentation:
    ./lib/server/paths.ts
    ./lib/server/runtime-logger.ts
    ./instrumentation.ts


2026-09-15T16:08:14.728Z [WARN] [33m[1m⚠[22m[39m ./lib/server/runtime-logger.ts:1:1
[1m[33mWarning[39m: A Node.js module is loaded ('node:fs' at line 1) which is not supported in the Edge Runtime.
    Learn More: https://nextjs.org/docs/messages/node-module-in-edge-runtime[22m
[33m[1m>[0m [90m1 |[0m [36mimport[0m fs [36mfrom[0m [32m"node:fs"[0m;
  [90m  |[0m [33m[1m^^^^^^^^^^^^^^^^^^^^^^^^^[0m
  [90m2 |[0m [36mimport[0m path [36mfrom[0m [32m"node:path"[0m;
  [90m3 |[0m [36mimport[0m { [33mDATA_DIR[0m } [36mfrom[0m [32m"./paths"[0m;
  [90m4 |[0m

Ecmascript file had an error

Import trace:
  Edge Instrumentation:
    ./lib/server/runtime-logger.ts
    ./instrumentation.ts


2026-09-15T16:08:14.739Z [WARN] [33m[1m⚠[22m[39m ./lib/server/paths.ts:2:1
[1m[33mWarning[39m: A Node.js module is loaded ('node:path' at line 2) which is not supported in the Edge Runtime.
    Learn More: https://nextjs.org/docs/messages/node-module-in-edge-runtime[22m
  [90m1 |[0m [36mimport[0m fs [36mfrom[0m [32m"node:fs"[0m;
[33m[1m>[0m [90m2 |[0m [36mimport[0m path [36mfrom[0m [32m"node:path"[0m;
  [90m  |[0m [33m[1m^^^^^^^^^^^^^^^^^^^^^^^^^^^^^[0m
  [90m3 |[0m
  [90m4 |[0m /**
  [90m5 |[0m  * 数据目录（便于 [33mDocker[0m 映射）。

Ecmascript file had an error

Import trace:
  Edge Instrumentation:
    ./lib/server/paths.ts
    ./lib/server/runtime-logger.ts
    ./instrumentation.ts


2026-09-15T16:08:14.751Z [WARN] [33m[1m⚠[22m[39m ./lib/server/runtime-logger.ts:2:1
[1m[33mWarning[39m: A Node.js module is loaded ('node:path' at line 2) which is not supported in the Edge Runtime.
    Learn More: https://nextjs.org/docs/messages/node-module-in-edge-runtime[22m
  [90m1 |[0m [36mimport[0m fs [36mfrom[0m [32m"node:fs"[0m;
[33m[1m>[0m [90m2 |[0m [36mimport[0m path [36mfrom[0m [32m"node:path"[0m;
  [90m  |[0m [33m[1m^^^^^^^^^^^^^^^^^^^^^^^^^^^^^[0m
  [90m3 |[0m [36mimport[0m { [33mDATA_DIR[0m } [36mfrom[0m [32m"./paths"[0m;
  [90m4 |[0m
  [90m5 |[0m [36mconst[0m [33mLOG_DIR[0m = path.join([33mDATA_DIR[0m, [32m"logs"[0m);

Ecmascript file had an error

Import trace:
  Edge Instrumentation:
    ./lib/server/runtime-logger.ts
    ./instrumentation.ts


2026-09-15T16:09:30.630Z [WARN] [33m[1m⚠[22m[39m ./lib/server/paths.ts:10:14
[1m[33mWarning[39m: A Node.js API is used (process.cwd at line: 10) which is not supported in the Edge Runtime.
    Learn more: https://nextjs.org/docs/api-reference/edge-runtime[22m
  [90m 8 |[0m [36mexport[0m [36mconst[0m [33mDATA_DIR[0m = process.env.[33mDATA_DIR[0m
  [90m 9 |[0m 	? path.resolve(process.env.[33mDATA_DIR[0m)
[33m[1m>[0m [90m10 |[0m 	: path.join(process.cwd(), [32m"data"[0m);
  [90m   |[0m             [33m[1m^^^^^^^^^^^[0m
  [90m11 |[0m
  [90m12 |[0m [36mconst[0m [33mSTRUCTURED_FILE_EXTENSIONS[0m = [[32m".yaml"[0m, [32m".yml"[0m, [32m".json"[0m] [36mas[0m [36mco...[0m
  [90m13 |[0m

Ecmascript file had an error

Import trace:
  Edge Instrumentation:
    ./lib/server/paths.ts
    ./lib/server/runtime-logger.ts
    ./instrumentation.ts


2026-09-15T16:09:30.638Z [WARN] [33m[1m⚠[22m[39m ./lib/server/runtime-logger.ts:52:50
[1m[33mWarning[39m: A Node.js API is used (process.pid at line: 52) which is not supported in the Edge Runtime.
    Learn more: https://nextjs.org/docs/api-reference/edge-runtime[22m
  [90m50 |[0m ...ues);
  [90m51 |[0m ...
[33m[1m>[0m [90m52 |[0m ...[32mer logger started"[0m, [32m`pid=[0m${process.pid[32m}`[0m]);
  [90m   |[0m                               [33m[1m^^^^^^^^^^^[0m
  [90m53 |[0m ...
  [90m54 |[0m ...
  [90m55 |[0m ...untimeError(error: unknown, requestPath?: string) {

Ecmascript file had an error

Import trace:
  Edge Instrumentation:
    ./lib/server/runtime-logger.ts
    ./instrumentation.ts


2026-09-15T16:09:30.647Z [WARN] [33m[1m⚠[22m[39m ./lib/server/paths.ts:1:1
[1m[33mWarning[39m: A Node.js module is loaded ('node:fs' at line 1) which is not supported in the Edge Runtime.
    Learn More: https://nextjs.org/docs/messages/node-module-in-edge-runtime[22m
[33m[1m>[0m [90m1 |[0m [36mimport[0m fs [36mfrom[0m [32m"node:fs"[0m;
  [90m  |[0m [33m[1m^^^^^^^^^^^^^^^^^^^^^^^^^[0m
  [90m2 |[0m [36mimport[0m path [36mfrom[0m [32m"node:path"[0m;
  [90m3 |[0m
  [90m4 |[0m /**

Ecmascript file had an error

Import trace:
  Edge Instrumentation:
    ./lib/server/paths.ts
    ./lib/server/runtime-logger.ts
    ./instrumentation.ts


2026-09-15T16:09:30.656Z [WARN] [33m[1m⚠[22m[39m ./lib/server/runtime-logger.ts:1:1
[1m[33mWarning[39m: A Node.js module is loaded ('node:fs' at line 1) which is not supported in the Edge Runtime.
    Learn More: https://nextjs.org/docs/messages/node-module-in-edge-runtime[22m
[33m[1m>[0m [90m1 |[0m [36mimport[0m fs [36mfrom[0m [32m"node:fs"[0m;
  [90m  |[0m [33m[1m^^^^^^^^^^^^^^^^^^^^^^^^^[0m
  [90m2 |[0m [36mimport[0m path [36mfrom[0m [32m"node:path"[0m;
  [90m3 |[0m [36mimport[0m { [33mDATA_DIR[0m } [36mfrom[0m [32m"./paths"[0m;
  [90m4 |[0m

Ecmascript file had an error

Import trace:
  Edge Instrumentation:
    ./lib/server/runtime-logger.ts
    ./instrumentation.ts


2026-09-15T16:09:30.665Z [WARN] [33m[1m⚠[22m[39m ./lib/server/paths.ts:2:1
[1m[33mWarning[39m: A Node.js module is loaded ('node:path' at line 2) which is not supported in the Edge Runtime.
    Learn More: https://nextjs.org/docs/messages/node-module-in-edge-runtime[22m
  [90m1 |[0m [36mimport[0m fs [36mfrom[0m [32m"node:fs"[0m;
[33m[1m>[0m [90m2 |[0m [36mimport[0m path [36mfrom[0m [32m"node:path"[0m;
  [90m  |[0m [33m[1m^^^^^^^^^^^^^^^^^^^^^^^^^^^^^[0m
  [90m3 |[0m
  [90m4 |[0m /**
  [90m5 |[0m  * 数据目录（便于 [33mDocker[0m 映射）。

Ecmascript file had an error

Import trace:
  Edge Instrumentation:
    ./lib/server/paths.ts
    ./lib/server/runtime-logger.ts
    ./instrumentation.ts


2026-09-15T16:09:30.675Z [WARN] [33m[1m⚠[22m[39m ./lib/server/runtime-logger.ts:2:1
[1m[33mWarning[39m: A Node.js module is loaded ('node:path' at line 2) which is not supported in the Edge Runtime.
    Learn More: https://nextjs.org/docs/messages/node-module-in-edge-runtime[22m
  [90m1 |[0m [36mimport[0m fs [36mfrom[0m [32m"node:fs"[0m;
[33m[1m>[0m [90m2 |[0m [36mimport[0m path [36mfrom[0m [32m"node:path"[0m;
  [90m  |[0m [33m[1m^^^^^^^^^^^^^^^^^^^^^^^^^^^^^[0m
  [90m3 |[0m [36mimport[0m { [33mDATA_DIR[0m } [36mfrom[0m [32m"./paths"[0m;
  [90m4 |[0m
  [90m5 |[0m [36mconst[0m [33mLOG_DIR[0m = path.join([33mDATA_DIR[0m, [32m"logs"[0m);

Ecmascript file had an error

Import trace:
  Edge Instrumentation:
    ./lib/server/runtime-logger.ts
    ./instrumentation.ts


2026-09-15T16:09:31.078Z [WARN] [33m[1m⚠[22m[39m ./lib/server/paths.ts:10:14
[1m[33mWarning[39m: A Node.js API is used (process.cwd at line: 10) which is not supported in the Edge Runtime.
    Learn more: https://nextjs.org/docs/api-reference/edge-runtime[22m
  [90m 8 |[0m [36mexport[0m [36mconst[0m [33mDATA_DIR[0m = process.env.[33mDATA_DIR[0m
  [90m 9 |[0m 	? path.resolve(process.env.[33mDATA_DIR[0m)
[33m[1m>[0m [90m10 |[0m 	: path.join(process.cwd(), [32m"data"[0m);
  [90m   |[0m             [33m[1m^^^^^^^^^^^[0m
  [90m11 |[0m
  [90m12 |[0m [36mconst[0m [33mSTRUCTURED_FILE_EXTENSIONS[0m = [[32m".yaml"[0m, [32m".yml"[0m, [32m".json"[0m] [36mas[0m [36mco...[0m
  [90m13 |[0m

Ecmascript file had an error

Import trace:
  Edge Instrumentation:
    ./lib/server/paths.ts
    ./lib/server/runtime-logger.ts
    ./instrumentation.ts


2026-09-15T16:09:31.083Z [WARN] [33m[1m⚠[22m[39m ./lib/server/runtime-logger.ts:52:50
[1m[33mWarning[39m: A Node.js API is used (process.pid at line: 52) which is not supported in the Edge Runtime.
    Learn more: https://nextjs.org/docs/api-reference/edge-runtime[22m
  [90m50 |[0m ...ues);
  [90m51 |[0m ...
[33m[1m>[0m [90m52 |[0m ...[32mer logger started"[0m, [32m`pid=[0m${process.pid[32m}`[0m]);
  [90m   |[0m                               [33m[1m^^^^^^^^^^^[0m
  [90m53 |[0m ...
  [90m54 |[0m ...
  [90m55 |[0m ...untimeError(error: unknown, requestPath?: string) {

Ecmascript file had an error

Import trace:
  Edge Instrumentation:
    ./lib/server/runtime-logger.ts
    ./instrumentation.ts


2026-09-15T16:09:31.091Z [WARN] [33m[1m⚠[22m[39m ./lib/server/paths.ts:1:1
[1m[33mWarning[39m: A Node.js module is loaded ('node:fs' at line 1) which is not supported in the Edge Runtime.
    Learn More: https://nextjs.org/docs/messages/node-module-in-edge-runtime[22m
[33m[1m>[0m [90m1 |[0m [36mimport[0m fs [36mfrom[0m [32m"node:fs"[0m;
  [90m  |[0m [33m[1m^^^^^^^^^^^^^^^^^^^^^^^^^[0m
  [90m2 |[0m [36mimport[0m path [36mfrom[0m [32m"node:path"[0m;
  [90m3 |[0m
  [90m4 |[0m /**

Ecmascript file had an error

Import trace:
  Edge Instrumentation:
    ./lib/server/paths.ts
    ./lib/server/runtime-logger.ts
    ./instrumentation.ts


2026-09-15T16:09:31.100Z [WARN] [33m[1m⚠[22m[39m ./lib/server/runtime-logger.ts:1:1
[1m[33mWarning[39m: A Node.js module is loaded ('node:fs' at line 1) which is not supported in the Edge Runtime.
    Learn More: https://nextjs.org/docs/messages/node-module-in-edge-runtime[22m
[33m[1m>[0m [90m1 |[0m [36mimport[0m fs [36mfrom[0m [32m"node:fs"[0m;
  [90m  |[0m [33m[1m^^^^^^^^^^^^^^^^^^^^^^^^^[0m
  [90m2 |[0m [36mimport[0m path [36mfrom[0m [32m"node:path"[0m;
  [90m3 |[0m [36mimport[0m { [33mDATA_DIR[0m } [36mfrom[0m [32m"./paths"[0m;
  [90m4 |[0m

Ecmascript file had an error

Import trace:
  Edge Instrumentation:
    ./lib/server/runtime-logger.ts
    ./instrumentation.ts


2026-09-15T16:09:31.113Z [WARN] [33m[1m⚠[22m[39m ./lib/server/paths.ts:2:1
[1m[33mWarning[39m: A Node.js module is loaded ('node:path' at line 2) which is not supported in the Edge Runtime.
    Learn More: https://nextjs.org/docs/messages/node-module-in-edge-runtime[22m
  [90m1 |[0m [36mimport[0m fs [36mfrom[0m [32m"node:fs"[0m;
[33m[1m>[0m [90m2 |[0m [36mimport[0m path [36mfrom[0m [32m"node:path"[0m;
  [90m  |[0m [33m[1m^^^^^^^^^^^^^^^^^^^^^^^^^^^^^[0m
  [90m3 |[0m
  [90m4 |[0m /**
  [90m5 |[0m  * 数据目录（便于 [33mDocker[0m 映射）。

Ecmascript file had an error

Import trace:
  Edge Instrumentation:
    ./lib/server/paths.ts
    ./lib/server/runtime-logger.ts
    ./instrumentation.ts


2026-09-15T16:09:31.122Z [WARN] [33m[1m⚠[22m[39m ./lib/server/runtime-logger.ts:2:1
[1m[33mWarning[39m: A Node.js module is loaded ('node:path' at line 2) which is not supported in the Edge Runtime.
    Learn More: https://nextjs.org/docs/messages/node-module-in-edge-runtime[22m
  [90m1 |[0m [36mimport[0m fs [36mfrom[0m [32m"node:fs"[0m;
[33m[1m>[0m [90m2 |[0m [36mimport[0m path [36mfrom[0m [32m"node:path"[0m;
  [90m  |[0m [33m[1m^^^^^^^^^^^^^^^^^^^^^^^^^^^^^[0m
  [90m3 |[0m [36mimport[0m { [33mDATA_DIR[0m } [36mfrom[0m [32m"./paths"[0m;
  [90m4 |[0m
  [90m5 |[0m [36mconst[0m [33mLOG_DIR[0m = path.join([33mDATA_DIR[0m, [32m"logs"[0m);

Ecmascript file had an error

Import trace:
  Edge Instrumentation:
    ./lib/server/runtime-logger.ts
    ./instrumentation.ts


2026-09-15T16:11:30.190Z [WARN] [33m[1m⚠[22m[39m ./lib/server/paths.ts:10:14
[1m[33mWarning[39m: A Node.js API is used (process.cwd at line: 10) which is not supported in the Edge Runtime.
    Learn more: https://nextjs.org/docs/api-reference/edge-runtime[22m
  [90m 8 |[0m [36mexport[0m [36mconst[0m [33mDATA_DIR[0m = process.env.[33mDATA_DIR[0m
  [90m 9 |[0m 	? path.resolve(process.env.[33mDATA_DIR[0m)
[33m[1m>[0m [90m10 |[0m 	: path.join(process.cwd(), [32m"data"[0m);
  [90m   |[0m             [33m[1m^^^^^^^^^^^[0m
  [90m11 |[0m
  [90m12 |[0m [36mconst[0m [33mSTRUCTURED_FILE_EXTENSIONS[0m = [[32m".yaml"[0m, [32m".yml"[0m, [32m".json"[0m] [36mas[0m [36mco...[0m
  [90m13 |[0m

Ecmascript file had an error

Import trace:
  Edge Instrumentation:
    ./lib/server/paths.ts
    ./lib/server/runtime-logger.ts
    ./instrumentation.ts


2026-09-15T16:11:30.197Z [WARN] [33m[1m⚠[22m[39m ./lib/server/runtime-logger.ts:52:50
[1m[33mWarning[39m: A Node.js API is used (process.pid at line: 52) which is not supported in the Edge Runtime.
    Learn more: https://nextjs.org/docs/api-reference/edge-runtime[22m
  [90m50 |[0m ...ues);
  [90m51 |[0m ...
[33m[1m>[0m [90m52 |[0m ...[32mer logger started"[0m, [32m`pid=[0m${process.pid[32m}`[0m]);
  [90m   |[0m                               [33m[1m^^^^^^^^^^^[0m
  [90m53 |[0m ...
  [90m54 |[0m ...
  [90m55 |[0m ...untimeError(error: unknown, requestPath?: string) {

Ecmascript file had an error

Import trace:
  Edge Instrumentation:
    ./lib/server/runtime-logger.ts
    ./instrumentation.ts


2026-09-15T16:11:30.202Z [WARN] [33m[1m⚠[22m[39m ./lib/server/paths.ts:1:1
[1m[33mWarning[39m: A Node.js module is loaded ('node:fs' at line 1) which is not supported in the Edge Runtime.
    Learn More: https://nextjs.org/docs/messages/node-module-in-edge-runtime[22m
[33m[1m>[0m [90m1 |[0m [36mimport[0m fs [36mfrom[0m [32m"node:fs"[0m;
  [90m  |[0m [33m[1m^^^^^^^^^^^^^^^^^^^^^^^^^[0m
  [90m2 |[0m [36mimport[0m path [36mfrom[0m [32m"node:path"[0m;
  [90m3 |[0m
  [90m4 |[0m /**

Ecmascript file had an error

Import trace:
  Edge Instrumentation:
    ./lib/server/paths.ts
    ./lib/server/runtime-logger.ts
    ./instrumentation.ts


2026-09-15T16:11:30.207Z [WARN] [33m[1m⚠[22m[39m ./lib/server/runtime-logger.ts:1:1
[1m[33mWarning[39m: A Node.js module is loaded ('node:fs' at line 1) which is not supported in the Edge Runtime.
    Learn More: https://nextjs.org/docs/messages/node-module-in-edge-runtime[22m
[33m[1m>[0m [90m1 |[0m [36mimport[0m fs [36mfrom[0m [32m"node:fs"[0m;
  [90m  |[0m [33m[1m^^^^^^^^^^^^^^^^^^^^^^^^^[0m
  [90m2 |[0m [36mimport[0m path [36mfrom[0m [32m"node:path"[0m;
  [90m3 |[0m [36mimport[0m { [33mDATA_DIR[0m } [36mfrom[0m [32m"./paths"[0m;
  [90m4 |[0m

Ecmascript file had an error

Import trace:
  Edge Instrumentation:
    ./lib/server/runtime-logger.ts
    ./instrumentation.ts


2026-09-15T16:11:30.212Z [WARN] [33m[1m⚠[22m[39m ./lib/server/paths.ts:2:1
[1m[33mWarning[39m: A Node.js module is loaded ('node:path' at line 2) which is not supported in the Edge Runtime.
    Learn More: https://nextjs.org/docs/messages/node-module-in-edge-runtime[22m
  [90m1 |[0m [36mimport[0m fs [36mfrom[0m [32m"node:fs"[0m;
[33m[1m>[0m [90m2 |[0m [36mimport[0m path [36mfrom[0m [32m"node:path"[0m;
  [90m  |[0m [33m[1m^^^^^^^^^^^^^^^^^^^^^^^^^^^^^[0m
  [90m3 |[0m
  [90m4 |[0m /**
  [90m5 |[0m  * 数据目录（便于 [33mDocker[0m 映射）。

Ecmascript file had an error

Import trace:
  Edge Instrumentation:
    ./lib/server/paths.ts
    ./lib/server/runtime-logger.ts
    ./instrumentation.ts


2026-09-15T16:11:30.217Z [WARN] [33m[1m⚠[22m[39m ./lib/server/runtime-logger.ts:2:1
[1m[33mWarning[39m: A Node.js module is loaded ('node:path' at line 2) which is not supported in the Edge Runtime.
    Learn More: https://nextjs.org/docs/messages/node-module-in-edge-runtime[22m
  [90m1 |[0m [36mimport[0m fs [36mfrom[0m [32m"node:fs"[0m;
[33m[1m>[0m [90m2 |[0m [36mimport[0m path [36mfrom[0m [32m"node:path"[0m;
  [90m  |[0m [33m[1m^^^^^^^^^^^^^^^^^^^^^^^^^^^^^[0m
  [90m3 |[0m [36mimport[0m { [33mDATA_DIR[0m } [36mfrom[0m [32m"./paths"[0m;
  [90m4 |[0m
  [90m5 |[0m [36mconst[0m [33mLOG_DIR[0m = path.join([33mDATA_DIR[0m, [32m"logs"[0m);

Ecmascript file had an error

Import trace:
  Edge Instrumentation:
    ./lib/server/runtime-logger.ts
    ./instrumentation.ts


2026-09-15T16:11:33.101Z [WARN] [33m[1m⚠[22m[39m ./lib/server/paths.ts:10:14
[1m[33mWarning[39m: A Node.js API is used (process.cwd at line: 10) which is not supported in the Edge Runtime.
    Learn more: https://nextjs.org/docs/api-reference/edge-runtime[22m
  [90m 8 |[0m [36mexport[0m [36mconst[0m [33mDATA_DIR[0m = process.env.[33mDATA_DIR[0m
  [90m 9 |[0m 	? path.resolve(process.env.[33mDATA_DIR[0m)
[33m[1m>[0m [90m10 |[0m 	: path.join(process.cwd(), [32m"data"[0m);
  [90m   |[0m             [33m[1m^^^^^^^^^^^[0m
  [90m11 |[0m
  [90m12 |[0m [36mconst[0m [33mSTRUCTURED_FILE_EXTENSIONS[0m = [[32m".yaml"[0m, [32m".yml"[0m, [32m".json"[0m] [36mas[0m [36mco...[0m
  [90m13 |[0m

Ecmascript file had an error

Import trace:
  Edge Instrumentation:
    ./lib/server/paths.ts
    ./lib/server/runtime-logger.ts
    ./instrumentation.ts


2026-09-15T16:11:33.109Z [WARN] [33m[1m⚠[22m[39m ./lib/server/runtime-logger.ts:52:50
[1m[33mWarning[39m: A Node.js API is used (process.pid at line: 52) which is not supported in the Edge Runtime.
    Learn more: https://nextjs.org/docs/api-reference/edge-runtime[22m
  [90m50 |[0m ...ues);
  [90m51 |[0m ...
[33m[1m>[0m [90m52 |[0m ...[32mer logger started"[0m, [32m`pid=[0m${process.pid[32m}`[0m]);
  [90m   |[0m                               [33m[1m^^^^^^^^^^^[0m
  [90m53 |[0m ...
  [90m54 |[0m ...
  [90m55 |[0m ...untimeError(error: unknown, requestPath?: string) {

Ecmascript file had an error

Import trace:
  Edge Instrumentation:
    ./lib/server/runtime-logger.ts
    ./instrumentation.ts


2026-09-15T16:11:33.118Z [WARN] [33m[1m⚠[22m[39m ./lib/server/paths.ts:1:1
[1m[33mWarning[39m: A Node.js module is loaded ('node:fs' at line 1) which is not supported in the Edge Runtime.
    Learn More: https://nextjs.org/docs/messages/node-module-in-edge-runtime[22m
[33m[1m>[0m [90m1 |[0m [36mimport[0m fs [36mfrom[0m [32m"node:fs"[0m;
  [90m  |[0m [33m[1m^^^^^^^^^^^^^^^^^^^^^^^^^[0m
  [90m2 |[0m [36mimport[0m path [36mfrom[0m [32m"node:path"[0m;
  [90m3 |[0m
  [90m4 |[0m /**

Ecmascript file had an error

Import trace:
  Edge Instrumentation:
    ./lib/server/paths.ts
    ./lib/server/runtime-logger.ts
    ./instrumentation.ts


2026-09-15T16:11:33.134Z [WARN] [33m[1m⚠[22m[39m ./lib/server/runtime-logger.ts:1:1
[1m[33mWarning[39m: A Node.js module is loaded ('node:fs' at line 1) which is not supported in the Edge Runtime.
    Learn More: https://nextjs.org/docs/messages/node-module-in-edge-runtime[22m
[33m[1m>[0m [90m1 |[0m [36mimport[0m fs [36mfrom[0m [32m"node:fs"[0m;
  [90m  |[0m [33m[1m^^^^^^^^^^^^^^^^^^^^^^^^^[0m
  [90m2 |[0m [36mimport[0m path [36mfrom[0m [32m"node:path"[0m;
  [90m3 |[0m [36mimport[0m { [33mDATA_DIR[0m } [36mfrom[0m [32m"./paths"[0m;
  [90m4 |[0m

Ecmascript file had an error

Import trace:
  Edge Instrumentation:
    ./lib/server/runtime-logger.ts
    ./instrumentation.ts


2026-09-15T16:11:33.143Z [WARN] [33m[1m⚠[22m[39m ./lib/server/paths.ts:2:1
[1m[33mWarning[39m: A Node.js module is loaded ('node:path' at line 2) which is not supported in the Edge Runtime.
    Learn More: https://nextjs.org/docs/messages/node-module-in-edge-runtime[22m
  [90m1 |[0m [36mimport[0m fs [36mfrom[0m [32m"node:fs"[0m;
[33m[1m>[0m [90m2 |[0m [36mimport[0m path [36mfrom[0m [32m"node:path"[0m;
  [90m  |[0m [33m[1m^^^^^^^^^^^^^^^^^^^^^^^^^^^^^[0m
  [90m3 |[0m
  [90m4 |[0m /**
  [90m5 |[0m  * 数据目录（便于 [33mDocker[0m 映射）。

Ecmascript file had an error

Import trace:
  Edge Instrumentation:
    ./lib/server/paths.ts
    ./lib/server/runtime-logger.ts
    ./instrumentation.ts


2026-09-15T16:11:33.156Z [WARN] [33m[1m⚠[22m[39m ./lib/server/runtime-logger.ts:2:1
[1m[33mWarning[39m: A Node.js module is loaded ('node:path' at line 2) which is not supported in the Edge Runtime.
    Learn More: https://nextjs.org/docs/messages/node-module-in-edge-runtime[22m
  [90m1 |[0m [36mimport[0m fs [36mfrom[0m [32m"node:fs"[0m;
[33m[1m>[0m [90m2 |[0m [36mimport[0m path [36mfrom[0m [32m"node:path"[0m;
  [90m  |[0m [33m[1m^^^^^^^^^^^^^^^^^^^^^^^^^^^^^[0m
  [90m3 |[0m [36mimport[0m { [33mDATA_DIR[0m } [36mfrom[0m [32m"./paths"[0m;
  [90m4 |[0m
  [90m5 |[0m [36mconst[0m [33mLOG_DIR[0m = path.join([33mDATA_DIR[0m, [32m"logs"[0m);

Ecmascript file had an error

Import trace:
  Edge Instrumentation:
    ./lib/server/runtime-logger.ts
    ./instrumentation.ts


2026-09-15T16:13:34.965Z [WARN] [36m[browser][39m [33mIf you do not provide a visible label, you must specify an aria-label or aria-labelledby attribute for accessibility[39m
2026-09-15T16:13:46.848Z [WARN] [36m[browser][39m [33mIf you do not provide a visible label, you must specify an aria-label or aria-labelledby attribute for accessibility[39m
2026-09-15T16:20:02.870Z [WARN] [33m[1m⚠[22m[39m ./lib/server/paths.ts:10:14
[1m[33mWarning[39m: A Node.js API is used (process.cwd at line: 10) which is not supported in the Edge Runtime.
    Learn more: https://nextjs.org/docs/api-reference/edge-runtime[22m
  [90m 8 |[0m [36mexport[0m [36mconst[0m [33mDATA_DIR[0m = process.env.[33mDATA_DIR[0m
  [90m 9 |[0m 	? path.resolve(process.env.[33mDATA_DIR[0m)
[33m[1m>[0m [90m10 |[0m 	: path.join(process.cwd(), [32m"data"[0m);
  [90m   |[0m             [33m[1m^^^^^^^^^^^[0m
  [90m11 |[0m
  [90m12 |[0m [36mconst[0m [33mSTRUCTURED_FILE_EXTENSIONS[0m = [[32m".yaml"[0m, [32m".yml"[0m, [32m".json"[0m] [36mas[0m [36mco...[0m
  [90m13 |[0m

Ecmascript file had an error

Import trace:
  Edge Instrumentation:
    ./lib/server/paths.ts
    ./lib/server/runtime-logger.ts
    ./instrumentation.ts


2026-09-15T16:20:02.874Z [WARN] [33m[1m⚠[22m[39m ./lib/server/runtime-logger.ts:52:50
[1m[33mWarning[39m: A Node.js API is used (process.pid at line: 52) which is not supported in the Edge Runtime.
    Learn more: https://nextjs.org/docs/api-reference/edge-runtime[22m
  [90m50 |[0m ...ues);
  [90m51 |[0m ...
[33m[1m>[0m [90m52 |[0m ...[32mer logger started"[0m, [32m`pid=[0m${process.pid[32m}`[0m]);
  [90m   |[0m                               [33m[1m^^^^^^^^^^^[0m
  [90m53 |[0m ...
  [90m54 |[0m ...
  [90m55 |[0m ...untimeError(error: unknown, requestPath?: string) {

Ecmascript file had an error

Import trace:
  Edge Instrumentation:
    ./lib/server/runtime-logger.ts
    ./instrumentation.ts


2026-09-15T16:20:02.879Z [WARN] [33m[1m⚠[22m[39m ./lib/server/paths.ts:1:1
[1m[33mWarning[39m: A Node.js module is loaded ('node:fs' at line 1) which is not supported in the Edge Runtime.
    Learn More: https://nextjs.org/docs/messages/node-module-in-edge-runtime[22m
[33m[1m>[0m [90m1 |[0m [36mimport[0m fs [36mfrom[0m [32m"node:fs"[0m;
  [90m  |[0m [33m[1m^^^^^^^^^^^^^^^^^^^^^^^^^[0m
  [90m2 |[0m [36mimport[0m path [36mfrom[0m [32m"node:path"[0m;
  [90m3 |[0m
  [90m4 |[0m /**

Ecmascript file had an error

Import trace:
  Edge Instrumentation:
    ./lib/server/paths.ts
    ./lib/server/runtime-logger.ts
    ./instrumentation.ts


2026-09-15T16:20:02.883Z [WARN] [33m[1m⚠[22m[39m ./lib/server/runtime-logger.ts:1:1
[1m[33mWarning[39m: A Node.js module is loaded ('node:fs' at line 1) which is not supported in the Edge Runtime.
    Learn More: https://nextjs.org/docs/messages/node-module-in-edge-runtime[22m
[33m[1m>[0m [90m1 |[0m [36mimport[0m fs [36mfrom[0m [32m"node:fs"[0m;
  [90m  |[0m [33m[1m^^^^^^^^^^^^^^^^^^^^^^^^^[0m
  [90m2 |[0m [36mimport[0m path [36mfrom[0m [32m"node:path"[0m;
  [90m3 |[0m [36mimport[0m { [33mDATA_DIR[0m } [36mfrom[0m [32m"./paths"[0m;
  [90m4 |[0m

Ecmascript file had an error

Import trace:
  Edge Instrumentation:
    ./lib/server/runtime-logger.ts
    ./instrumentation.ts


2026-09-15T16:20:02.888Z [WARN] [33m[1m⚠[22m[39m ./lib/server/paths.ts:2:1
[1m[33mWarning[39m: A Node.js module is loaded ('node:path' at line 2) which is not supported in the Edge Runtime.
    Learn More: https://nextjs.org/docs/messages/node-module-in-edge-runtime[22m
  [90m1 |[0m [36mimport[0m fs [36mfrom[0m [32m"node:fs"[0m;
[33m[1m>[0m [90m2 |[0m [36mimport[0m path [36mfrom[0m [32m"node:path"[0m;
  [90m  |[0m [33m[1m^^^^^^^^^^^^^^^^^^^^^^^^^^^^^[0m
  [90m3 |[0m
  [90m4 |[0m /**
  [90m5 |[0m  * 数据目录（便于 [33mDocker[0m 映射）。

Ecmascript file had an error

Import trace:
  Edge Instrumentation:
    ./lib/server/paths.ts
    ./lib/server/runtime-logger.ts
    ./instrumentation.ts


2026-09-15T16:20:02.893Z [WARN] [33m[1m⚠[22m[39m ./lib/server/runtime-logger.ts:2:1
[1m[33mWarning[39m: A Node.js module is loaded ('node:path' at line 2) which is not supported in the Edge Runtime.
    Learn More: https://nextjs.org/docs/messages/node-module-in-edge-runtime[22m
  [90m1 |[0m [36mimport[0m fs [36mfrom[0m [32m"node:fs"[0m;
[33m[1m>[0m [90m2 |[0m [36mimport[0m path [36mfrom[0m [32m"node:path"[0m;
  [90m  |[0m [33m[1m^^^^^^^^^^^^^^^^^^^^^^^^^^^^^[0m
  [90m3 |[0m [36mimport[0m { [33mDATA_DIR[0m } [36mfrom[0m [32m"./paths"[0m;
  [90m4 |[0m
  [90m5 |[0m [36mconst[0m [33mLOG_DIR[0m = path.join([33mDATA_DIR[0m, [32m"logs"[0m);

Ecmascript file had an error

Import trace:
  Edge Instrumentation:
    ./lib/server/runtime-logger.ts
    ./instrumentation.ts


2026-09-15T16:20:03.054Z [WARN] [33m[1m⚠[22m[39m ./lib/server/paths.ts:10:14
[1m[33mWarning[39m: A Node.js API is used (process.cwd at line: 10) which is not supported in the Edge Runtime.
    Learn more: https://nextjs.org/docs/api-reference/edge-runtime[22m
  [90m 8 |[0m [36mexport[0m [36mconst[0m [33mDATA_DIR[0m = process.env.[33mDATA_DIR[0m
  [90m 9 |[0m 	? path.resolve(process.env.[33mDATA_DIR[0m)
[33m[1m>[0m [90m10 |[0m 	: path.join(process.cwd(), [32m"data"[0m);
  [90m   |[0m             [33m[1m^^^^^^^^^^^[0m
  [90m11 |[0m
  [90m12 |[0m [36mconst[0m [33mSTRUCTURED_FILE_EXTENSIONS[0m = [[32m".yaml"[0m, [32m".yml"[0m, [32m".json"[0m] [36mas[0m [36mco...[0m
  [90m13 |[0m

Ecmascript file had an error

Import trace:
  Edge Instrumentation:
    ./lib/server/paths.ts
    ./lib/server/runtime-logger.ts
    ./instrumentation.ts


2026-09-15T16:20:03.057Z [WARN] [33m[1m⚠[22m[39m ./lib/server/runtime-logger.ts:52:50
[1m[33mWarning[39m: A Node.js API is used (process.pid at line: 52) which is not supported in the Edge Runtime.
    Learn more: https://nextjs.org/docs/api-reference/edge-runtime[22m
  [90m50 |[0m ...ues);
  [90m51 |[0m ...
[33m[1m>[0m [90m52 |[0m ...[32mer logger started"[0m, [32m`pid=[0m${process.pid[32m}`[0m]);
  [90m   |[0m                               [33m[1m^^^^^^^^^^^[0m
  [90m53 |[0m ...
  [90m54 |[0m ...
  [90m55 |[0m ...untimeError(error: unknown, requestPath?: string) {

Ecmascript file had an error

Import trace:
  Edge Instrumentation:
    ./lib/server/runtime-logger.ts
    ./instrumentation.ts


2026-09-15T16:20:03.061Z [WARN] [33m[1m⚠[22m[39m ./lib/server/paths.ts:1:1
[1m[33mWarning[39m: A Node.js module is loaded ('node:fs' at line 1) which is not supported in the Edge Runtime.
    Learn More: https://nextjs.org/docs/messages/node-module-in-edge-runtime[22m
[33m[1m>[0m [90m1 |[0m [36mimport[0m fs [36mfrom[0m [32m"node:fs"[0m;
  [90m  |[0m [33m[1m^^^^^^^^^^^^^^^^^^^^^^^^^[0m
  [90m2 |[0m [36mimport[0m path [36mfrom[0m [32m"node:path"[0m;
  [90m3 |[0m
  [90m4 |[0m /**

Ecmascript file had an error

Import trace:
  Edge Instrumentation:
    ./lib/server/paths.ts
    ./lib/server/runtime-logger.ts
    ./instrumentation.ts


2026-09-15T16:20:03.065Z [WARN] [33m[1m⚠[22m[39m ./lib/server/runtime-logger.ts:1:1
[1m[33mWarning[39m: A Node.js module is loaded ('node:fs' at line 1) which is not supported in the Edge Runtime.
    Learn More: https://nextjs.org/docs/messages/node-module-in-edge-runtime[22m
[33m[1m>[0m [90m1 |[0m [36mimport[0m fs [36mfrom[0m [32m"node:fs"[0m;
  [90m  |[0m [33m[1m^^^^^^^^^^^^^^^^^^^^^^^^^[0m
  [90m2 |[0m [36mimport[0m path [36mfrom[0m [32m"node:path"[0m;
  [90m3 |[0m [36mimport[0m { [33mDATA_DIR[0m } [36mfrom[0m [32m"./paths"[0m;
  [90m4 |[0m

Ecmascript file had an error

Import trace:
  Edge Instrumentation:
    ./lib/server/runtime-logger.ts
    ./instrumentation.ts


2026-09-15T16:20:03.068Z [WARN] [33m[1m⚠[22m[39m ./lib/server/paths.ts:2:1
[1m[33mWarning[39m: A Node.js module is loaded ('node:path' at line 2) which is not supported in the Edge Runtime.
    Learn More: https://nextjs.org/docs/messages/node-module-in-edge-runtime[22m
  [90m1 |[0m [36mimport[0m fs [36mfrom[0m [32m"node:fs"[0m;
[33m[1m>[0m [90m2 |[0m [36mimport[0m path [36mfrom[0m [32m"node:path"[0m;
  [90m  |[0m [33m[1m^^^^^^^^^^^^^^^^^^^^^^^^^^^^^[0m
  [90m3 |[0m
  [90m4 |[0m /**
  [90m5 |[0m  * 数据目录（便于 [33mDocker[0m 映射）。

Ecmascript file had an error

Import trace:
  Edge Instrumentation:
    ./lib/server/paths.ts
    ./lib/server/runtime-logger.ts
    ./instrumentation.ts


2026-09-15T16:20:03.072Z [WARN] [33m[1m⚠[22m[39m ./lib/server/runtime-logger.ts:2:1
[1m[33mWarning[39m: A Node.js module is loaded ('node:path' at line 2) which is not supported in the Edge Runtime.
    Learn More: https://nextjs.org/docs/messages/node-module-in-edge-runtime[22m
  [90m1 |[0m [36mimport[0m fs [36mfrom[0m [32m"node:fs"[0m;
[33m[1m>[0m [90m2 |[0m [36mimport[0m path [36mfrom[0m [32m"node:path"[0m;
  [90m  |[0m [33m[1m^^^^^^^^^^^^^^^^^^^^^^^^^^^^^[0m
  [90m3 |[0m [36mimport[0m { [33mDATA_DIR[0m } [36mfrom[0m [32m"./paths"[0m;
  [90m4 |[0m
  [90m5 |[0m [36mconst[0m [33mLOG_DIR[0m = path.join([33mDATA_DIR[0m, [32m"logs"[0m);

Ecmascript file had an error

Import trace:
  Edge Instrumentation:
    ./lib/server/runtime-logger.ts
    ./instrumentation.ts


2026-09-15T16:20:03.147Z [ERROR] [31m[1m⨯[22m[39m Error: 母分类“精品推荐”不能直接包含网址，请将网址放入子分类。
    at validateFrontendCategoryTree (file:///C:/Users/10373/Desktop/go-nav-main/.next/dev/server/chunks/ssr/%5Broot-of-the-server%5D__1xuodi8._.js?id=%5Bproject%5D/lib/category-tree.ts+%5Bapp-rsc%5D+(ecmascript):13:19)
    at getFrontendCategories (file:///C:/Users/10373/Desktop/go-nav-main/.next/dev/server/chunks/ssr/%5Broot-of-the-server%5D__1xuodi8._.js?id=%5Bproject%5D/lib/category-tree.ts+%5Bapp-rsc%5D+(ecmascript):23:5)
    at getWebsiteData (file:///C:/Users/10373/Desktop/go-nav-main/.next/dev/server/chunks/ssr/%5Broot-of-the-server%5D__1xuodi8._.js?id=%5Bproject%5D/lib/config.ts+%5Bapp-rsc%5D+(ecmascript):20:170)
    at SiteShell (C:\Users\10373\Desktop\go-nav-main\.next\dev\server\chunks\ssr\_1rse2_z._.js:232:157)
    at Object.react_stack_bottom_frame (C:\Users\10373\Desktop\go-nav-main\node_modules\.pnpm\next@16.3.0_@babel+core@7.29.0_@types+node@26.1.1_babel-plugin-react-compiler@1.0.0_react-dom_ujfc627m7xscdyijozzqh37yeq\node_modules\next\dist\compiled\next-server\app-page-turbo.runtime.dev.js:88:180992)
    at AsyncLocalStorage.run (node:async_hooks:346:14)
    at renderFunctionComponent (C:\Users\10373\Desktop\go-nav-main\node_modules\.pnpm\next@16.3.0_@babel+core@7.29.0_@types+node@26.1.1_babel-plugin-react-compiler@1.0.0_react-dom_ujfc627m7xscdyijozzqh37yeq\node_modules\next\dist\compiled\next-server\app-page-turbo.runtime.dev.js:88:68086)
    at renderElement (C:\Users\10373\Desktop\go-nav-main\node_modules\.pnpm\next@16.3.0_@babel+core@7.29.0_@types+node@26.1.1_babel-plugin-react-compiler@1.0.0_react-dom_ujfc627m7xscdyijozzqh37yeq\node_modules\next\dist\compiled\next-server\app-page-turbo.runtime.dev.js:88:84227)
    at renderModelDestructive (C:\Users\10373\Desktop\go-nav-main\node_modules\.pnpm\next@16.3.0_@babel+core@7.29.0_@types+node@26.1.1_babel-plugin-react-compiler@1.0.0_react-dom_ujfc627m7xscdyijozzqh37yeq\node_modules\next\dist\compiled\next-server\app-page-turbo.runtime.dev.js:88:88050)
    at retryTask (C:\Users\10373\Desktop\go-nav-main\node_modules\.pnpm\next@16.3.0_@babel+core@7.29.0_@types+node@26.1.1_babel-plugin-react-compiler@1.0.0_react-dom_ujfc627m7xscdyijozzqh37yeq\node_modules\next\dist\compiled\next-server\app-page-turbo.runtime.dev.js:88:131760)
    at outlineTask (C:\Users\10373\Desktop\go-nav-main\node_modules\.pnpm\next@16.3.0_@babel+core@7.29.0_@types+node@26.1.1_babel-plugin-react-compiler@1.0.0_react-dom_ujfc627m7xscdyijozzqh37yeq\node_modules\next\dist\compiled\next-server\app-page-turbo.runtime.dev.js:88:73323)
    at renderFunctionComponent (C:\Users\10373\Desktop\go-nav-main\node_modules\.pnpm\next@16.3.0_@babel+core@7.29.0_@types+node@26.1.1_babel-plugin-react-compiler@1.0.0_react-dom_ujfc627m7xscdyijozzqh37yeq\node_modules\next\dist\compiled\next-server\app-page-turbo.runtime.dev.js:88:67085)
    at renderElement (C:\Users\10373\Desktop\go-nav-main\node_modules\.pnpm\next@16.3.0_@babel+core@7.29.0_@types+node@26.1.1_babel-plugin-react-compiler@1.0.0_react-dom_ujfc627m7xscdyijozzqh37yeq\node_modules\next\dist\compiled\next-server\app-page-turbo.runtime.dev.js:88:84227)
    at renderModelDestructive (C:\Users\10373\Desktop\go-nav-main\node_modules\.pnpm\next@16.3.0_@babel+core@7.29.0_@types+node@26.1.1_babel-plugin-react-compiler@1.0.0_react-dom_ujfc627m7xscdyijozzqh37yeq\node_modules\next\dist\compiled\next-server\app-page-turbo.runtime.dev.js:88:88050)
    at C:\Users\10373\Desktop\go-nav-main\node_modules\.pnpm\next@16.3.0_@babel+core@7.29.0_@types+node@26.1.1_babel-plugin-react-compiler@1.0.0_react-dom_ujfc627m7xscdyijozzqh37yeq\node_modules\next\dist\compiled\next-server\app-page-turbo.runtime.dev.js:88:129153
    at resolveModel (C:\Users\10373\Desktop\go-nav-main\node_modules\.pnpm\next@16.3.0_@babel+core@7.29.0_@types+node@26.1.1_babel-plugin-react-compiler@1.0.0_react-dom_ujfc627m7xscdyijozzqh37yeq\node_modules\next\dist\compiled\next-server\app-page-turbo.runtime.dev.js:88:130470)
    at resolveModel (C:\Users\10373\Desktop\go-nav-main\node_modules\.pnpm\next@16.3.0_@babel+core@7.29.0_@types+node@26.1.1_babel-plugin-react-compiler@1.0.0_react-dom_ujfc627m7xscdyijozzqh37yeq\node_modules\next\dist\compiled\next-server\app-page-turbo.runtime.dev.js:88:130675)
    at emitChunk (C:\Users\10373\Desktop\go-nav-main\node_modules\.pnpm\next@16.3.0_@babel+core@7.29.0_@types+node@26.1.1_babel-plugin-react-compiler@1.0.0_react-dom_ujfc627m7xscdyijozzqh37yeq\node_modules\next\dist\compiled\next-server\app-page-turbo.runtime.dev.js:88:131099)
    at retryTask (C:\Users\10373\Desktop\go-nav-main\node_modules\.pnpm\next@16.3.0_@babel+core@7.29.0_@types+node@26.1.1_babel-plugin-react-compiler@1.0.0_react-dom_ujfc627m7xscdyijozzqh37yeq\node_modules\next\dist\compiled\next-server\app-page-turbo.runtime.dev.js:88:132250)
    at performWork (C:\Users\10373\Desktop\go-nav-main\node_modules\.pnpm\next@16.3.0_@babel+core@7.29.0_@types+node@26.1.1_babel-plugin-react-compiler@1.0.0_react-dom_ujfc627m7xscdyijozzqh37yeq\node_modules\next\dist\compiled\next-server\app-page-turbo.runtime.dev.js:88:133770)
    at Immediate._onImmediate (C:\Users\10373\Desktop\go-nav-main\node_modules\.pnpm\next@16.3.0_@babel+core@7.29.0_@types+node@26.1.1_babel-plugin-react-compiler@1.0.0_react-dom_ujfc627m7xscdyijozzqh37yeq\node_modules\next\dist\compiled\next-server\app-page-turbo.runtime.dev.js:88:77589)
    at process.processImmediate (node:internal/timers:483:21)
    at process.callbackTrampoline (node:internal/async_hooks:130:17)
2026-09-15T16:20:03.163Z [ERROR] /?_rsc=6vtVf9jdg7RPZ7S_: Error: 母分类“精品推荐”不能直接包含网址，请将网址放入子分类。
    at validateFrontendCategoryTree (file:///C:/Users/10373/Desktop/go-nav-main/.next/dev/server/chunks/ssr/%5Broot-of-the-server%5D__1xuodi8._.js?id=%5Bproject%5D/lib/category-tree.ts+%5Bapp-rsc%5D+(ecmascript):13:19)
    at getFrontendCategories (file:///C:/Users/10373/Desktop/go-nav-main/.next/dev/server/chunks/ssr/%5Broot-of-the-server%5D__1xuodi8._.js?id=%5Bproject%5D/lib/category-tree.ts+%5Bapp-rsc%5D+(ecmascript):23:5)
    at getWebsiteData (file:///C:/Users/10373/Desktop/go-nav-main/.next/dev/server/chunks/ssr/%5Broot-of-the-server%5D__1xuodi8._.js?id=%5Bproject%5D/lib/config.ts+%5Bapp-rsc%5D+(ecmascript):20:170)
    at SiteShell (C:\Users\10373\Desktop\go-nav-main\.next\dev\server\chunks\ssr\_1rse2_z._.js:232:157)
    at Object.react_stack_bottom_frame (C:\Users\10373\Desktop\go-nav-main\node_modules\.pnpm\next@16.3.0_@babel+core@7.29.0_@types+node@26.1.1_babel-plugin-react-compiler@1.0.0_react-dom_ujfc627m7xscdyijozzqh37yeq\node_modules\next\dist\compiled\next-server\app-page-turbo.runtime.dev.js:88:180992)
    at AsyncLocalStorage.run (node:async_hooks:346:14)
    at renderFunctionComponent (C:\Users\10373\Desktop\go-nav-main\node_modules\.pnpm\next@16.3.0_@babel+core@7.29.0_@types+node@26.1.1_babel-plugin-react-compiler@1.0.0_react-dom_ujfc627m7xscdyijozzqh37yeq\node_modules\next\dist\compiled\next-server\app-page-turbo.runtime.dev.js:88:68086)
    at renderElement (C:\Users\10373\Desktop\go-nav-main\node_modules\.pnpm\next@16.3.0_@babel+core@7.29.0_@types+node@26.1.1_babel-plugin-react-compiler@1.0.0_react-dom_ujfc627m7xscdyijozzqh37yeq\node_modules\next\dist\compiled\next-server\app-page-turbo.runtime.dev.js:88:84227)
    at renderModelDestructive (C:\Users\10373\Desktop\go-nav-main\node_modules\.pnpm\next@16.3.0_@babel+core@7.29.0_@types+node@26.1.1_babel-plugin-react-compiler@1.0.0_react-dom_ujfc627m7xscdyijozzqh37yeq\node_modules\next\dist\compiled\next-server\app-page-turbo.runtime.dev.js:88:88050)
    at retryTask (C:\Users\10373\Desktop\go-nav-main\node_modules\.pnpm\next@16.3.0_@babel+core@7.29.0_@types+node@26.1.1_babel-plugin-react-compiler@1.0.0_react-dom_ujfc627m7xscdyijozzqh37yeq\node_modules\next\dist\compiled\next-server\app-page-turbo.runtime.dev.js:88:131760)
    at outlineTask (C:\Users\10373\Desktop\go-nav-main\node_modules\.pnpm\next@16.3.0_@babel+core@7.29.0_@types+node@26.1.1_babel-plugin-react-compiler@1.0.0_react-dom_ujfc627m7xscdyijozzqh37yeq\node_modules\next\dist\compiled\next-server\app-page-turbo.runtime.dev.js:88:73323)
    at renderFunctionComponent (C:\Users\10373\Desktop\go-nav-main\node_modules\.pnpm\next@16.3.0_@babel+core@7.29.0_@types+node@26.1.1_babel-plugin-react-compiler@1.0.0_react-dom_ujfc627m7xscdyijozzqh37yeq\node_modules\next\dist\compiled\next-server\app-page-turbo.runtime.dev.js:88:67085)
    at renderElement (C:\Users\10373\Desktop\go-nav-main\node_modules\.pnpm\next@16.3.0_@babel+core@7.29.0_@types+node@26.1.1_babel-plugin-react-compiler@1.0.0_react-dom_ujfc627m7xscdyijozzqh37yeq\node_modules\next\dist\compiled\next-server\app-page-turbo.runtime.dev.js:88:84227)
    at renderModelDestructive (C:\Users\10373\Desktop\go-nav-main\node_modules\.pnpm\next@16.3.0_@babel+core@7.29.0_@types+node@26.1.1_babel-plugin-react-compiler@1.0.0_react-dom_ujfc627m7xscdyijozzqh37yeq\node_modules\next\dist\compiled\next-server\app-page-turbo.runtime.dev.js:88:88050)
    at C:\Users\10373\Desktop\go-nav-main\node_modules\.pnpm\next@16.3.0_@babel+core@7.29.0_@types+node@26.1.1_babel-plugin-react-compiler@1.0.0_react-dom_ujfc627m7xscdyijozzqh37yeq\node_modules\next\dist\compiled\next-server\app-page-turbo.runtime.dev.js:88:129153
    at resolveModel (C:\Users\10373\Desktop\go-nav-main\node_modules\.pnpm\next@16.3.0_@babel+core@7.29.0_@types+node@26.1.1_babel-plugin-react-compiler@1.0.0_react-dom_ujfc627m7xscdyijozzqh37yeq\node_modules\next\dist\compiled\next-server\app-page-turbo.runtime.dev.js:88:130470)
    at resolveModel (C:\Users\10373\Desktop\go-nav-main\node_modules\.pnpm\next@16.3.0_@babel+core@7.29.0_@types+node@26.1.1_babel-plugin-react-compiler@1.0.0_react-dom_ujfc627m7xscdyijozzqh37yeq\node_modules\next\dist\compiled\next-server\app-page-turbo.runtime.dev.js:88:130675)
    at emitChunk (C:\Users\10373\Desktop\go-nav-main\node_modules\.pnpm\next@16.3.0_@babel+core@7.29.0_@types+node@26.1.1_babel-plugin-react-compiler@1.0.0_react-dom_ujfc627m7xscdyijozzqh37yeq\node_modules\next\dist\compiled\next-server\app-page-turbo.runtime.dev.js:88:131099)
    at retryTask (C:\Users\10373\Desktop\go-nav-main\node_modules\.pnpm\next@16.3.0_@babel+core@7.29.0_@types+node@26.1.1_babel-plugin-react-compiler@1.0.0_react-dom_ujfc627m7xscdyijozzqh37yeq\node_modules\next\dist\compiled\next-server\app-page-turbo.runtime.dev.js:88:132250)
    at performWork (C:\Users\10373\Desktop\go-nav-main\node_modules\.pnpm\next@16.3.0_@babel+core@7.29.0_@types+node@26.1.1_babel-plugin-react-compiler@1.0.0_react-dom_ujfc627m7xscdyijozzqh37yeq\node_modules\next\dist\compiled\next-server\app-page-turbo.runtime.dev.js:88:133770)
    at Immediate._onImmediate (C:\Users\10373\Desktop\go-nav-main\node_modules\.pnpm\next@16.3.0_@babel+core@7.29.0_@types+node@26.1.1_babel-plugin-react-compiler@1.0.0_react-dom_ujfc627m7xscdyijozzqh37yeq\node_modules\next\dist\compiled\next-server\app-page-turbo.runtime.dev.js:88:77589)
    at process.processImmediate (node:internal/timers:483:21)
    at process.callbackTrampoline (node:internal/async_hooks:130:17)
2026-09-15T16:21:07.244Z [WARN] [33m[1m⚠[22m[39m ./lib/server/paths.ts:10:14
[1m[33mWarning[39m: A Node.js API is used (process.cwd at line: 10) which is not supported in the Edge Runtime.
    Learn more: https://nextjs.org/docs/api-reference/edge-runtime[22m
  [90m 8 |[0m [36mexport[0m [36mconst[0m [33mDATA_DIR[0m = process.env.[33mDATA_DIR[0m
  [90m 9 |[0m 	? path.resolve(process.env.[33mDATA_DIR[0m)
[33m[1m>[0m [90m10 |[0m 	: path.join(process.cwd(), [32m"data"[0m);
  [90m   |[0m             [33m[1m^^^^^^^^^^^[0m
  [90m11 |[0m
  [90m12 |[0m [36mconst[0m [33mSTRUCTURED_FILE_EXTENSIONS[0m = [[32m".yaml"[0m, [32m".yml"[0m, [32m".json"[0m] [36mas[0m [36mco...[0m
  [90m13 |[0m

Ecmascript file had an error

Import trace:
  Edge Instrumentation:
    ./lib/server/paths.ts
    ./lib/server/runtime-logger.ts
    ./instrumentation.ts


2026-09-15T16:21:07.248Z [WARN] [33m[1m⚠[22m[39m ./lib/server/runtime-logger.ts:52:50
[1m[33mWarning[39m: A Node.js API is used (process.pid at line: 52) which is not supported in the Edge Runtime.
    Learn more: https://nextjs.org/docs/api-reference/edge-runtime[22m
  [90m50 |[0m ...ues);
  [90m51 |[0m ...
[33m[1m>[0m [90m52 |[0m ...[32mer logger started"[0m, [32m`pid=[0m${process.pid[32m}`[0m]);
  [90m   |[0m                               [33m[1m^^^^^^^^^^^[0m
  [90m53 |[0m ...
  [90m54 |[0m ...
  [90m55 |[0m ...untimeError(error: unknown, requestPath?: string) {

Ecmascript file had an error

Import trace:
  Edge Instrumentation:
    ./lib/server/runtime-logger.ts
    ./instrumentation.ts


2026-09-15T16:21:07.252Z [WARN] [33m[1m⚠[22m[39m ./lib/server/paths.ts:1:1
[1m[33mWarning[39m: A Node.js module is loaded ('node:fs' at line 1) which is not supported in the Edge Runtime.
    Learn More: https://nextjs.org/docs/messages/node-module-in-edge-runtime[22m
[33m[1m>[0m [90m1 |[0m [36mimport[0m fs [36mfrom[0m [32m"node:fs"[0m;
  [90m  |[0m [33m[1m^^^^^^^^^^^^^^^^^^^^^^^^^[0m
  [90m2 |[0m [36mimport[0m path [36mfrom[0m [32m"node:path"[0m;
  [90m3 |[0m
  [90m4 |[0m /**

Ecmascript file had an error

Import trace:
  Edge Instrumentation:
    ./lib/server/paths.ts
    ./lib/server/runtime-logger.ts
    ./instrumentation.ts


2026-09-15T16:21:07.257Z [WARN] [33m[1m⚠[22m[39m ./lib/server/runtime-logger.ts:1:1
[1m[33mWarning[39m: A Node.js module is loaded ('node:fs' at line 1) which is not supported in the Edge Runtime.
    Learn More: https://nextjs.org/docs/messages/node-module-in-edge-runtime[22m
[33m[1m>[0m [90m1 |[0m [36mimport[0m fs [36mfrom[0m [32m"node:fs"[0m;
  [90m  |[0m [33m[1m^^^^^^^^^^^^^^^^^^^^^^^^^[0m
  [90m2 |[0m [36mimport[0m path [36mfrom[0m [32m"node:path"[0m;
  [90m3 |[0m [36mimport[0m { [33mDATA_DIR[0m } [36mfrom[0m [32m"./paths"[0m;
  [90m4 |[0m

Ecmascript file had an error

Import trace:
  Edge Instrumentation:
    ./lib/server/runtime-logger.ts
    ./instrumentation.ts


2026-09-15T16:21:07.265Z [WARN] [33m[1m⚠[22m[39m ./lib/server/paths.ts:2:1
[1m[33mWarning[39m: A Node.js module is loaded ('node:path' at line 2) which is not supported in the Edge Runtime.
    Learn More: https://nextjs.org/docs/messages/node-module-in-edge-runtime[22m
  [90m1 |[0m [36mimport[0m fs [36mfrom[0m [32m"node:fs"[0m;
[33m[1m>[0m [90m2 |[0m [36mimport[0m path [36mfrom[0m [32m"node:path"[0m;
  [90m  |[0m [33m[1m^^^^^^^^^^^^^^^^^^^^^^^^^^^^^[0m
  [90m3 |[0m
  [90m4 |[0m /**
  [90m5 |[0m  * 数据目录（便于 [33mDocker[0m 映射）。

Ecmascript file had an error

Import trace:
  Edge Instrumentation:
    ./lib/server/paths.ts
    ./lib/server/runtime-logger.ts
    ./instrumentation.ts


2026-09-15T16:21:07.270Z [WARN] [33m[1m⚠[22m[39m ./lib/server/runtime-logger.ts:2:1
[1m[33mWarning[39m: A Node.js module is loaded ('node:path' at line 2) which is not supported in the Edge Runtime.
    Learn More: https://nextjs.org/docs/messages/node-module-in-edge-runtime[22m
  [90m1 |[0m [36mimport[0m fs [36mfrom[0m [32m"node:fs"[0m;
[33m[1m>[0m [90m2 |[0m [36mimport[0m path [36mfrom[0m [32m"node:path"[0m;
  [90m  |[0m [33m[1m^^^^^^^^^^^^^^^^^^^^^^^^^^^^^[0m
  [90m3 |[0m [36mimport[0m { [33mDATA_DIR[0m } [36mfrom[0m [32m"./paths"[0m;
  [90m4 |[0m
  [90m5 |[0m [36mconst[0m [33mLOG_DIR[0m = path.join([33mDATA_DIR[0m, [32m"logs"[0m);

Ecmascript file had an error

Import trace:
  Edge Instrumentation:
    ./lib/server/runtime-logger.ts
    ./instrumentation.ts


2026-09-15T16:21:07.327Z [WARN] [33m[1m⚠[22m[39m ./lib/server/paths.ts:10:14
[1m[33mWarning[39m: A Node.js API is used (process.cwd at line: 10) which is not supported in the Edge Runtime.
    Learn more: https://nextjs.org/docs/api-reference/edge-runtime[22m
  [90m 8 |[0m [36mexport[0m [36mconst[0m [33mDATA_DIR[0m = process.env.[33mDATA_DIR[0m
  [90m 9 |[0m 	? path.resolve(process.env.[33mDATA_DIR[0m)
[33m[1m>[0m [90m10 |[0m 	: path.join(process.cwd(), [32m"data"[0m);
  [90m   |[0m             [33m[1m^^^^^^^^^^^[0m
  [90m11 |[0m
  [90m12 |[0m [36mconst[0m [33mSTRUCTURED_FILE_EXTENSIONS[0m = [[32m".yaml"[0m, [32m".yml"[0m, [32m".json"[0m] [36mas[0m [36mco...[0m
  [90m13 |[0m

Ecmascript file had an error

Import trace:
  Edge Instrumentation:
    ./lib/server/paths.ts
    ./lib/server/runtime-logger.ts
    ./instrumentation.ts


2026-09-15T16:21:07.330Z [WARN] [33m[1m⚠[22m[39m ./lib/server/runtime-logger.ts:52:50
[1m[33mWarning[39m: A Node.js API is used (process.pid at line: 52) which is not supported in the Edge Runtime.
    Learn more: https://nextjs.org/docs/api-reference/edge-runtime[22m
  [90m50 |[0m ...ues);
  [90m51 |[0m ...
[33m[1m>[0m [90m52 |[0m ...[32mer logger started"[0m, [32m`pid=[0m${process.pid[32m}`[0m]);
  [90m   |[0m                               [33m[1m^^^^^^^^^^^[0m
  [90m53 |[0m ...
  [90m54 |[0m ...
  [90m55 |[0m ...untimeError(error: unknown, requestPath?: string) {

Ecmascript file had an error

Import trace:
  Edge Instrumentation:
    ./lib/server/runtime-logger.ts
    ./instrumentation.ts


2026-09-15T16:21:07.332Z [WARN] [33m[1m⚠[22m[39m ./lib/server/paths.ts:1:1
[1m[33mWarning[39m: A Node.js module is loaded ('node:fs' at line 1) which is not supported in the Edge Runtime.
    Learn More: https://nextjs.org/docs/messages/node-module-in-edge-runtime[22m
[33m[1m>[0m [90m1 |[0m [36mimport[0m fs [36mfrom[0m [32m"node:fs"[0m;
  [90m  |[0m [33m[1m^^^^^^^^^^^^^^^^^^^^^^^^^[0m
  [90m2 |[0m [36mimport[0m path [36mfrom[0m [32m"node:path"[0m;
  [90m3 |[0m
  [90m4 |[0m /**

Ecmascript file had an error

Import trace:
  Edge Instrumentation:
    ./lib/server/paths.ts
    ./lib/server/runtime-logger.ts
    ./instrumentation.ts


2026-09-15T16:21:07.335Z [WARN] [33m[1m⚠[22m[39m ./lib/server/runtime-logger.ts:1:1
[1m[33mWarning[39m: A Node.js module is loaded ('node:fs' at line 1) which is not supported in the Edge Runtime.
    Learn More: https://nextjs.org/docs/messages/node-module-in-edge-runtime[22m
[33m[1m>[0m [90m1 |[0m [36mimport[0m fs [36mfrom[0m [32m"node:fs"[0m;
  [90m  |[0m [33m[1m^^^^^^^^^^^^^^^^^^^^^^^^^[0m
  [90m2 |[0m [36mimport[0m path [36mfrom[0m [32m"node:path"[0m;
  [90m3 |[0m [36mimport[0m { [33mDATA_DIR[0m } [36mfrom[0m [32m"./paths"[0m;
  [90m4 |[0m

Ecmascript file had an error

Import trace:
  Edge Instrumentation:
    ./lib/server/runtime-logger.ts
    ./instrumentation.ts


2026-09-15T16:21:07.338Z [WARN] [33m[1m⚠[22m[39m ./lib/server/paths.ts:2:1
[1m[33mWarning[39m: A Node.js module is loaded ('node:path' at line 2) which is not supported in the Edge Runtime.
    Learn More: https://nextjs.org/docs/messages/node-module-in-edge-runtime[22m
  [90m1 |[0m [36mimport[0m fs [36mfrom[0m [32m"node:fs"[0m;
[33m[1m>[0m [90m2 |[0m [36mimport[0m path [36mfrom[0m [32m"node:path"[0m;
  [90m  |[0m [33m[1m^^^^^^^^^^^^^^^^^^^^^^^^^^^^^[0m
  [90m3 |[0m
  [90m4 |[0m /**
  [90m5 |[0m  * 数据目录（便于 [33mDocker[0m 映射）。

Ecmascript file had an error

Import trace:
  Edge Instrumentation:
    ./lib/server/paths.ts
    ./lib/server/runtime-logger.ts
    ./instrumentation.ts


2026-09-15T16:21:07.342Z [WARN] [33m[1m⚠[22m[39m ./lib/server/runtime-logger.ts:2:1
[1m[33mWarning[39m: A Node.js module is loaded ('node:path' at line 2) which is not supported in the Edge Runtime.
    Learn More: https://nextjs.org/docs/messages/node-module-in-edge-runtime[22m
  [90m1 |[0m [36mimport[0m fs [36mfrom[0m [32m"node:fs"[0m;
[33m[1m>[0m [90m2 |[0m [36mimport[0m path [36mfrom[0m [32m"node:path"[0m;
  [90m  |[0m [33m[1m^^^^^^^^^^^^^^^^^^^^^^^^^^^^^[0m
  [90m3 |[0m [36mimport[0m { [33mDATA_DIR[0m } [36mfrom[0m [32m"./paths"[0m;
  [90m4 |[0m
  [90m5 |[0m [36mconst[0m [33mLOG_DIR[0m = path.join([33mDATA_DIR[0m, [32m"logs"[0m);

Ecmascript file had an error

Import trace:
  Edge Instrumentation:
    ./lib/server/runtime-logger.ts
    ./instrumentation.ts


2026-09-15T16:21:10.481Z [WARN] [33m[1m⚠[22m[39m ./lib/server/paths.ts:10:14
[1m[33mWarning[39m: A Node.js API is used (process.cwd at line: 10) which is not supported in the Edge Runtime.
    Learn more: https://nextjs.org/docs/api-reference/edge-runtime[22m
  [90m 8 |[0m [36mexport[0m [36mconst[0m [33mDATA_DIR[0m = process.env.[33mDATA_DIR[0m
  [90m 9 |[0m 	? path.resolve(process.env.[33mDATA_DIR[0m)
[33m[1m>[0m [90m10 |[0m 	: path.join(process.cwd(), [32m"data"[0m);
  [90m   |[0m             [33m[1m^^^^^^^^^^^[0m
  [90m11 |[0m
  [90m12 |[0m [36mconst[0m [33mSTRUCTURED_FILE_EXTENSIONS[0m = [[32m".yaml"[0m, [32m".yml"[0m, [32m".json"[0m] [36mas[0m [36mco...[0m
  [90m13 |[0m

Ecmascript file had an error

Import trace:
  Edge Instrumentation:
    ./lib/server/paths.ts
    ./lib/server/runtime-logger.ts
    ./instrumentation.ts


2026-09-15T16:21:10.486Z [WARN] [33m[1m⚠[22m[39m ./lib/server/runtime-logger.ts:52:50
[1m[33mWarning[39m: A Node.js API is used (process.pid at line: 52) which is not supported in the Edge Runtime.
    Learn more: https://nextjs.org/docs/api-reference/edge-runtime[22m
  [90m50 |[0m ...ues);
  [90m51 |[0m ...
[33m[1m>[0m [90m52 |[0m ...[32mer logger started"[0m, [32m`pid=[0m${process.pid[32m}`[0m]);
  [90m   |[0m                               [33m[1m^^^^^^^^^^^[0m
  [90m53 |[0m ...
  [90m54 |[0m ...
  [90m55 |[0m ...untimeError(error: unknown, requestPath?: string) {

Ecmascript file had an error

Import trace:
  Edge Instrumentation:
    ./lib/server/runtime-logger.ts
    ./instrumentation.ts


2026-09-15T16:21:10.490Z [WARN] [33m[1m⚠[22m[39m ./lib/server/paths.ts:1:1
[1m[33mWarning[39m: A Node.js module is loaded ('node:fs' at line 1) which is not supported in the Edge Runtime.
    Learn More: https://nextjs.org/docs/messages/node-module-in-edge-runtime[22m
[33m[1m>[0m [90m1 |[0m [36mimport[0m fs [36mfrom[0m [32m"node:fs"[0m;
  [90m  |[0m [33m[1m^^^^^^^^^^^^^^^^^^^^^^^^^[0m
  [90m2 |[0m [36mimport[0m path [36mfrom[0m [32m"node:path"[0m;
  [90m3 |[0m
  [90m4 |[0m /**

Ecmascript file had an error

Import trace:
  Edge Instrumentation:
    ./lib/server/paths.ts
    ./lib/server/runtime-logger.ts
    ./instrumentation.ts


2026-09-15T16:21:10.494Z [WARN] [33m[1m⚠[22m[39m ./lib/server/runtime-logger.ts:1:1
[1m[33mWarning[39m: A Node.js module is loaded ('node:fs' at line 1) which is not supported in the Edge Runtime.
    Learn More: https://nextjs.org/docs/messages/node-module-in-edge-runtime[22m
[33m[1m>[0m [90m1 |[0m [36mimport[0m fs [36mfrom[0m [32m"node:fs"[0m;
  [90m  |[0m [33m[1m^^^^^^^^^^^^^^^^^^^^^^^^^[0m
  [90m2 |[0m [36mimport[0m path [36mfrom[0m [32m"node:path"[0m;
  [90m3 |[0m [36mimport[0m { [33mDATA_DIR[0m } [36mfrom[0m [32m"./paths"[0m;
  [90m4 |[0m

Ecmascript file had an error

Import trace:
  Edge Instrumentation:
    ./lib/server/runtime-logger.ts
    ./instrumentation.ts


2026-09-15T16:21:10.500Z [WARN] [33m[1m⚠[22m[39m ./lib/server/paths.ts:2:1
[1m[33mWarning[39m: A Node.js module is loaded ('node:path' at line 2) which is not supported in the Edge Runtime.
    Learn More: https://nextjs.org/docs/messages/node-module-in-edge-runtime[22m
  [90m1 |[0m [36mimport[0m fs [36mfrom[0m [32m"node:fs"[0m;
[33m[1m>[0m [90m2 |[0m [36mimport[0m path [36mfrom[0m [32m"node:path"[0m;
  [90m  |[0m [33m[1m^^^^^^^^^^^^^^^^^^^^^^^^^^^^^[0m
  [90m3 |[0m
  [90m4 |[0m /**
  [90m5 |[0m  * 数据目录（便于 [33mDocker[0m 映射）。

Ecmascript file had an error

Import trace:
  Edge Instrumentation:
    ./lib/server/paths.ts
    ./lib/server/runtime-logger.ts
    ./instrumentation.ts


2026-09-15T16:21:10.506Z [WARN] [33m[1m⚠[22m[39m ./lib/server/runtime-logger.ts:2:1
[1m[33mWarning[39m: A Node.js module is loaded ('node:path' at line 2) which is not supported in the Edge Runtime.
    Learn More: https://nextjs.org/docs/messages/node-module-in-edge-runtime[22m
  [90m1 |[0m [36mimport[0m fs [36mfrom[0m [32m"node:fs"[0m;
[33m[1m>[0m [90m2 |[0m [36mimport[0m path [36mfrom[0m [32m"node:path"[0m;
  [90m  |[0m [33m[1m^^^^^^^^^^^^^^^^^^^^^^^^^^^^^[0m
  [90m3 |[0m [36mimport[0m { [33mDATA_DIR[0m } [36mfrom[0m [32m"./paths"[0m;
  [90m4 |[0m
  [90m5 |[0m [36mconst[0m [33mLOG_DIR[0m = path.join([33mDATA_DIR[0m, [32m"logs"[0m);

Ecmascript file had an error

Import trace:
  Edge Instrumentation:
    ./lib/server/runtime-logger.ts
    ./instrumentation.ts


2026-09-15T16:22:55.880Z [WARN] [33m[1m⚠[22m[39m ./lib/server/paths.ts:10:14
[1m[33mWarning[39m: A Node.js API is used (process.cwd at line: 10) which is not supported in the Edge Runtime.
    Learn more: https://nextjs.org/docs/api-reference/edge-runtime[22m
  [90m 8 |[0m [36mexport[0m [36mconst[0m [33mDATA_DIR[0m = process.env.[33mDATA_DIR[0m
  [90m 9 |[0m 	? path.resolve(process.env.[33mDATA_DIR[0m)
[33m[1m>[0m [90m10 |[0m 	: path.join(process.cwd(), [32m"data"[0m);
  [90m   |[0m             [33m[1m^^^^^^^^^^^[0m
  [90m11 |[0m
  [90m12 |[0m [36mconst[0m [33mSTRUCTURED_FILE_EXTENSIONS[0m = [[32m".yaml"[0m, [32m".yml"[0m, [32m".json"[0m] [36mas[0m [36mco...[0m
  [90m13 |[0m

Ecmascript file had an error

Import trace:
  Edge Instrumentation:
    ./lib/server/paths.ts
    ./lib/server/runtime-logger.ts
    ./instrumentation.ts


2026-09-15T16:22:55.884Z [WARN] [33m[1m⚠[22m[39m ./lib/server/runtime-logger.ts:52:50
[1m[33mWarning[39m: A Node.js API is used (process.pid at line: 52) which is not supported in the Edge Runtime.
    Learn more: https://nextjs.org/docs/api-reference/edge-runtime[22m
  [90m50 |[0m ...ues);
  [90m51 |[0m ...
[33m[1m>[0m [90m52 |[0m ...[32mer logger started"[0m, [32m`pid=[0m${process.pid[32m}`[0m]);
  [90m   |[0m                               [33m[1m^^^^^^^^^^^[0m
  [90m53 |[0m ...
  [90m54 |[0m ...
  [90m55 |[0m ...untimeError(error: unknown, requestPath?: string) {

Ecmascript file had an error

Import trace:
  Edge Instrumentation:
    ./lib/server/runtime-logger.ts
    ./instrumentation.ts


2026-09-15T16:22:55.887Z [WARN] [33m[1m⚠[22m[39m ./lib/server/paths.ts:1:1
[1m[33mWarning[39m: A Node.js module is loaded ('node:fs' at line 1) which is not supported in the Edge Runtime.
    Learn More: https://nextjs.org/docs/messages/node-module-in-edge-runtime[22m
[33m[1m>[0m [90m1 |[0m [36mimport[0m fs [36mfrom[0m [32m"node:fs"[0m;
  [90m  |[0m [33m[1m^^^^^^^^^^^^^^^^^^^^^^^^^[0m
  [90m2 |[0m [36mimport[0m path [36mfrom[0m [32m"node:path"[0m;
  [90m3 |[0m
  [90m4 |[0m /**

Ecmascript file had an error

Import trace:
  Edge Instrumentation:
    ./lib/server/paths.ts
    ./lib/server/runtime-logger.ts
    ./instrumentation.ts


2026-09-15T16:22:55.890Z [WARN] [33m[1m⚠[22m[39m ./lib/server/runtime-logger.ts:1:1
[1m[33mWarning[39m: A Node.js module is loaded ('node:fs' at line 1) which is not supported in the Edge Runtime.
    Learn More: https://nextjs.org/docs/messages/node-module-in-edge-runtime[22m
[33m[1m>[0m [90m1 |[0m [36mimport[0m fs [36mfrom[0m [32m"node:fs"[0m;
  [90m  |[0m [33m[1m^^^^^^^^^^^^^^^^^^^^^^^^^[0m
  [90m2 |[0m [36mimport[0m path [36mfrom[0m [32m"node:path"[0m;
  [90m3 |[0m [36mimport[0m { [33mDATA_DIR[0m } [36mfrom[0m [32m"./paths"[0m;
  [90m4 |[0m

Ecmascript file had an error

Import trace:
  Edge Instrumentation:
    ./lib/server/runtime-logger.ts
    ./instrumentation.ts


2026-09-15T16:22:55.894Z [WARN] [33m[1m⚠[22m[39m ./lib/server/paths.ts:2:1
[1m[33mWarning[39m: A Node.js module is loaded ('node:path' at line 2) which is not supported in the Edge Runtime.
    Learn More: https://nextjs.org/docs/messages/node-module-in-edge-runtime[22m
  [90m1 |[0m [36mimport[0m fs [36mfrom[0m [32m"node:fs"[0m;
[33m[1m>[0m [90m2 |[0m [36mimport[0m path [36mfrom[0m [32m"node:path"[0m;
  [90m  |[0m [33m[1m^^^^^^^^^^^^^^^^^^^^^^^^^^^^^[0m
  [90m3 |[0m
  [90m4 |[0m /**
  [90m5 |[0m  * 数据目录（便于 [33mDocker[0m 映射）。

Ecmascript file had an error

Import trace:
  Edge Instrumentation:
    ./lib/server/paths.ts
    ./lib/server/runtime-logger.ts
    ./instrumentation.ts


2026-09-15T16:22:55.898Z [WARN] [33m[1m⚠[22m[39m ./lib/server/runtime-logger.ts:2:1
[1m[33mWarning[39m: A Node.js module is loaded ('node:path' at line 2) which is not supported in the Edge Runtime.
    Learn More: https://nextjs.org/docs/messages/node-module-in-edge-runtime[22m
  [90m1 |[0m [36mimport[0m fs [36mfrom[0m [32m"node:fs"[0m;
[33m[1m>[0m [90m2 |[0m [36mimport[0m path [36mfrom[0m [32m"node:path"[0m;
  [90m  |[0m [33m[1m^^^^^^^^^^^^^^^^^^^^^^^^^^^^^[0m
  [90m3 |[0m [36mimport[0m { [33mDATA_DIR[0m } [36mfrom[0m [32m"./paths"[0m;
  [90m4 |[0m
  [90m5 |[0m [36mconst[0m [33mLOG_DIR[0m = path.join([33mDATA_DIR[0m, [32m"logs"[0m);

Ecmascript file had an error

Import trace:
  Edge Instrumentation:
    ./lib/server/runtime-logger.ts
    ./instrumentation.ts


2026-09-15T16:22:55.997Z [WARN] [33m[1m⚠[22m[39m ./lib/server/paths.ts:10:14
[1m[33mWarning[39m: A Node.js API is used (process.cwd at line: 10) which is not supported in the Edge Runtime.
    Learn more: https://nextjs.org/docs/api-reference/edge-runtime[22m
  [90m 8 |[0m [36mexport[0m [36mconst[0m [33mDATA_DIR[0m = process.env.[33mDATA_DIR[0m
  [90m 9 |[0m 	? path.resolve(process.env.[33mDATA_DIR[0m)
[33m[1m>[0m [90m10 |[0m 	: path.join(process.cwd(), [32m"data"[0m);
  [90m   |[0m             [33m[1m^^^^^^^^^^^[0m
  [90m11 |[0m
  [90m12 |[0m [36mconst[0m [33mSTRUCTURED_FILE_EXTENSIONS[0m = [[32m".yaml"[0m, [32m".yml"[0m, [32m".json"[0m] [36mas[0m [36mco...[0m
  [90m13 |[0m

Ecmascript file had an error

Import trace:
  Edge Instrumentation:
    ./lib/server/paths.ts
    ./lib/server/runtime-logger.ts
    ./instrumentation.ts


2026-09-15T16:22:56.002Z [WARN] [33m[1m⚠[22m[39m ./lib/server/runtime-logger.ts:52:50
[1m[33mWarning[39m: A Node.js API is used (process.pid at line: 52) which is not supported in the Edge Runtime.
    Learn more: https://nextjs.org/docs/api-reference/edge-runtime[22m
  [90m50 |[0m ...ues);
  [90m51 |[0m ...
[33m[1m>[0m [90m52 |[0m ...[32mer logger started"[0m, [32m`pid=[0m${process.pid[32m}`[0m]);
  [90m   |[0m                               [33m[1m^^^^^^^^^^^[0m
  [90m53 |[0m ...
  [90m54 |[0m ...
  [90m55 |[0m ...untimeError(error: unknown, requestPath?: string) {

Ecmascript file had an error

Import trace:
  Edge Instrumentation:
    ./lib/server/runtime-logger.ts
    ./instrumentation.ts


2026-09-15T16:22:56.006Z [WARN] [33m[1m⚠[22m[39m ./lib/server/paths.ts:1:1
[1m[33mWarning[39m: A Node.js module is loaded ('node:fs' at line 1) which is not supported in the Edge Runtime.
    Learn More: https://nextjs.org/docs/messages/node-module-in-edge-runtime[22m
[33m[1m>[0m [90m1 |[0m [36mimport[0m fs [36mfrom[0m [32m"node:fs"[0m;
  [90m  |[0m [33m[1m^^^^^^^^^^^^^^^^^^^^^^^^^[0m
  [90m2 |[0m [36mimport[0m path [36mfrom[0m [32m"node:path"[0m;
  [90m3 |[0m
  [90m4 |[0m /**

Ecmascript file had an error

Import trace:
  Edge Instrumentation:
    ./lib/server/paths.ts
    ./lib/server/runtime-logger.ts
    ./instrumentation.ts


2026-09-15T16:22:56.010Z [WARN] [33m[1m⚠[22m[39m ./lib/server/runtime-logger.ts:1:1
[1m[33mWarning[39m: A Node.js module is loaded ('node:fs' at line 1) which is not supported in the Edge Runtime.
    Learn More: https://nextjs.org/docs/messages/node-module-in-edge-runtime[22m
[33m[1m>[0m [90m1 |[0m [36mimport[0m fs [36mfrom[0m [32m"node:fs"[0m;
  [90m  |[0m [33m[1m^^^^^^^^^^^^^^^^^^^^^^^^^[0m
  [90m2 |[0m [36mimport[0m path [36mfrom[0m [32m"node:path"[0m;
  [90m3 |[0m [36mimport[0m { [33mDATA_DIR[0m } [36mfrom[0m [32m"./paths"[0m;
  [90m4 |[0m

Ecmascript file had an error

Import trace:
  Edge Instrumentation:
    ./lib/server/runtime-logger.ts
    ./instrumentation.ts


2026-09-15T16:22:56.014Z [WARN] [33m[1m⚠[22m[39m ./lib/server/paths.ts:2:1
[1m[33mWarning[39m: A Node.js module is loaded ('node:path' at line 2) which is not supported in the Edge Runtime.
    Learn More: https://nextjs.org/docs/messages/node-module-in-edge-runtime[22m
  [90m1 |[0m [36mimport[0m fs [36mfrom[0m [32m"node:fs"[0m;
[33m[1m>[0m [90m2 |[0m [36mimport[0m path [36mfrom[0m [32m"node:path"[0m;
  [90m  |[0m [33m[1m^^^^^^^^^^^^^^^^^^^^^^^^^^^^^[0m
  [90m3 |[0m
  [90m4 |[0m /**
  [90m5 |[0m  * 数据目录（便于 [33mDocker[0m 映射）。

Ecmascript file had an error

Import trace:
  Edge Instrumentation:
    ./lib/server/paths.ts
    ./lib/server/runtime-logger.ts
    ./instrumentation.ts


2026-09-15T16:22:56.019Z [WARN] [33m[1m⚠[22m[39m ./lib/server/runtime-logger.ts:2:1
[1m[33mWarning[39m: A Node.js module is loaded ('node:path' at line 2) which is not supported in the Edge Runtime.
    Learn More: https://nextjs.org/docs/messages/node-module-in-edge-runtime[22m
  [90m1 |[0m [36mimport[0m fs [36mfrom[0m [32m"node:fs"[0m;
[33m[1m>[0m [90m2 |[0m [36mimport[0m path [36mfrom[0m [32m"node:path"[0m;
  [90m  |[0m [33m[1m^^^^^^^^^^^^^^^^^^^^^^^^^^^^^[0m
  [90m3 |[0m [36mimport[0m { [33mDATA_DIR[0m } [36mfrom[0m [32m"./paths"[0m;
  [90m4 |[0m
  [90m5 |[0m [36mconst[0m [33mLOG_DIR[0m = path.join([33mDATA_DIR[0m, [32m"logs"[0m);

Ecmascript file had an error

Import trace:
  Edge Instrumentation:
    ./lib/server/runtime-logger.ts
    ./instrumentation.ts


2026-09-15T17:49:16.223Z [WARN] [33m[1m⚠[22m[39m ./lib/server/paths.ts:10:14
[1m[33mWarning[39m: A Node.js API is used (process.cwd at line: 10) which is not supported in the Edge Runtime.
    Learn more: https://nextjs.org/docs/api-reference/edge-runtime[22m
  [90m 8 |[0m [36mexport[0m [36mconst[0m [33mDATA_DIR[0m = process.env.[33mDATA_DIR[0m
  [90m 9 |[0m 	? path.resolve(process.env.[33mDATA_DIR[0m)
[33m[1m>[0m [90m10 |[0m 	: path.join(process.cwd(), [32m"data"[0m);
  [90m   |[0m             [33m[1m^^^^^^^^^^^[0m
  [90m11 |[0m
  [90m12 |[0m [36mconst[0m [33mSTRUCTURED_FILE_EXTENSIONS[0m = [[32m".yaml"[0m, [32m".yml"[0m, [32m".json"[0m] [36mas[0m [36mco...[0m
  [90m13 |[0m

Ecmascript file had an error

Import trace:
  Edge Instrumentation:
    ./lib/server/paths.ts
    ./lib/server/runtime-logger.ts
    ./instrumentation.ts


2026-09-15T17:49:16.234Z [WARN] [33m[1m⚠[22m[39m ./lib/server/runtime-logger.ts:52:50
[1m[33mWarning[39m: A Node.js API is used (process.pid at line: 52) which is not supported in the Edge Runtime.
    Learn more: https://nextjs.org/docs/api-reference/edge-runtime[22m
  [90m50 |[0m ...ues);
  [90m51 |[0m ...
[33m[1m>[0m [90m52 |[0m ...[32mer logger started"[0m, [32m`pid=[0m${process.pid[32m}`[0m]);
  [90m   |[0m                               [33m[1m^^^^^^^^^^^[0m
  [90m53 |[0m ...
  [90m54 |[0m ...
  [90m55 |[0m ...untimeError(error: unknown, requestPath?: string) {

Ecmascript file had an error

Import trace:
  Edge Instrumentation:
    ./lib/server/runtime-logger.ts
    ./instrumentation.ts


2026-09-15T17:49:16.243Z [WARN] [33m[1m⚠[22m[39m ./lib/server/paths.ts:1:1
[1m[33mWarning[39m: A Node.js module is loaded ('node:fs' at line 1) which is not supported in the Edge Runtime.
    Learn More: https://nextjs.org/docs/messages/node-module-in-edge-runtime[22m
[33m[1m>[0m [90m1 |[0m [36mimport[0m fs [36mfrom[0m [32m"node:fs"[0m;
  [90m  |[0m [33m[1m^^^^^^^^^^^^^^^^^^^^^^^^^[0m
  [90m2 |[0m [36mimport[0m path [36mfrom[0m [32m"node:path"[0m;
  [90m3 |[0m
  [90m4 |[0m /**

Ecmascript file had an error

Import trace:
  Edge Instrumentation:
    ./lib/server/paths.ts
    ./lib/server/runtime-logger.ts
    ./instrumentation.ts


2026-09-15T17:49:16.254Z [WARN] [33m[1m⚠[22m[39m ./lib/server/runtime-logger.ts:1:1
[1m[33mWarning[39m: A Node.js module is loaded ('node:fs' at line 1) which is not supported in the Edge Runtime.
    Learn More: https://nextjs.org/docs/messages/node-module-in-edge-runtime[22m
[33m[1m>[0m [90m1 |[0m [36mimport[0m fs [36mfrom[0m [32m"node:fs"[0m;
  [90m  |[0m [33m[1m^^^^^^^^^^^^^^^^^^^^^^^^^[0m
  [90m2 |[0m [36mimport[0m path [36mfrom[0m [32m"node:path"[0m;
  [90m3 |[0m [36mimport[0m { [33mDATA_DIR[0m } [36mfrom[0m [32m"./paths"[0m;
  [90m4 |[0m

Ecmascript file had an error

Import trace:
  Edge Instrumentation:
    ./lib/server/runtime-logger.ts
    ./instrumentation.ts


2026-09-15T17:49:16.267Z [WARN] [33m[1m⚠[22m[39m ./lib/server/paths.ts:2:1
[1m[33mWarning[39m: A Node.js module is loaded ('node:path' at line 2) which is not supported in the Edge Runtime.
    Learn More: https://nextjs.org/docs/messages/node-module-in-edge-runtime[22m
  [90m1 |[0m [36mimport[0m fs [36mfrom[0m [32m"node:fs"[0m;
[33m[1m>[0m [90m2 |[0m [36mimport[0m path [36mfrom[0m [32m"node:path"[0m;
  [90m  |[0m [33m[1m^^^^^^^^^^^^^^^^^^^^^^^^^^^^^[0m
  [90m3 |[0m
  [90m4 |[0m /**
  [90m5 |[0m  * 数据目录（便于 [33mDocker[0m 映射）。

Ecmascript file had an error

Import trace:
  Edge Instrumentation:
    ./lib/server/paths.ts
    ./lib/server/runtime-logger.ts
    ./instrumentation.ts


2026-09-15T17:49:16.277Z [WARN] [33m[1m⚠[22m[39m ./lib/server/runtime-logger.ts:2:1
[1m[33mWarning[39m: A Node.js module is loaded ('node:path' at line 2) which is not supported in the Edge Runtime.
    Learn More: https://nextjs.org/docs/messages/node-module-in-edge-runtime[22m
  [90m1 |[0m [36mimport[0m fs [36mfrom[0m [32m"node:fs"[0m;
[33m[1m>[0m [90m2 |[0m [36mimport[0m path [36mfrom[0m [32m"node:path"[0m;
  [90m  |[0m [33m[1m^^^^^^^^^^^^^^^^^^^^^^^^^^^^^[0m
  [90m3 |[0m [36mimport[0m { [33mDATA_DIR[0m } [36mfrom[0m [32m"./paths"[0m;
  [90m4 |[0m
  [90m5 |[0m [36mconst[0m [33mLOG_DIR[0m = path.join([33mDATA_DIR[0m, [32m"logs"[0m);

Ecmascript file had an error

Import trace:
  Edge Instrumentation:
    ./lib/server/runtime-logger.ts
    ./instrumentation.ts


2026-09-15T17:49:19.153Z [WARN] [33m[1m⚠[22m[39m ./lib/server/paths.ts:10:14
[1m[33mWarning[39m: A Node.js API is used (process.cwd at line: 10) which is not supported in the Edge Runtime.
    Learn more: https://nextjs.org/docs/api-reference/edge-runtime[22m
  [90m 8 |[0m [36mexport[0m [36mconst[0m [33mDATA_DIR[0m = process.env.[33mDATA_DIR[0m
  [90m 9 |[0m 	? path.resolve(process.env.[33mDATA_DIR[0m)
[33m[1m>[0m [90m10 |[0m 	: path.join(process.cwd(), [32m"data"[0m);
  [90m   |[0m             [33m[1m^^^^^^^^^^^[0m
  [90m11 |[0m
  [90m12 |[0m [36mconst[0m [33mSTRUCTURED_FILE_EXTENSIONS[0m = [[32m".yaml"[0m, [32m".yml"[0m, [32m".json"[0m] [36mas[0m [36mco...[0m
  [90m13 |[0m

Ecmascript file had an error

Import trace:
  Edge Instrumentation:
    ./lib/server/paths.ts
    ./lib/server/runtime-logger.ts
    ./instrumentation.ts


2026-09-15T17:49:19.164Z [WARN] [33m[1m⚠[22m[39m ./lib/server/runtime-logger.ts:52:50
[1m[33mWarning[39m: A Node.js API is used (process.pid at line: 52) which is not supported in the Edge Runtime.
    Learn more: https://nextjs.org/docs/api-reference/edge-runtime[22m
  [90m50 |[0m ...ues);
  [90m51 |[0m ...
[33m[1m>[0m [90m52 |[0m ...[32mer logger started"[0m, [32m`pid=[0m${process.pid[32m}`[0m]);
  [90m   |[0m                               [33m[1m^^^^^^^^^^^[0m
  [90m53 |[0m ...
  [90m54 |[0m ...
  [90m55 |[0m ...untimeError(error: unknown, requestPath?: string) {

Ecmascript file had an error

Import trace:
  Edge Instrumentation:
    ./lib/server/runtime-logger.ts
    ./instrumentation.ts


2026-09-15T17:49:19.174Z [WARN] [33m[1m⚠[22m[39m ./lib/server/paths.ts:1:1
[1m[33mWarning[39m: A Node.js module is loaded ('node:fs' at line 1) which is not supported in the Edge Runtime.
    Learn More: https://nextjs.org/docs/messages/node-module-in-edge-runtime[22m
[33m[1m>[0m [90m1 |[0m [36mimport[0m fs [36mfrom[0m [32m"node:fs"[0m;
  [90m  |[0m [33m[1m^^^^^^^^^^^^^^^^^^^^^^^^^[0m
  [90m2 |[0m [36mimport[0m path [36mfrom[0m [32m"node:path"[0m;
  [90m3 |[0m
  [90m4 |[0m /**

Ecmascript file had an error

Import trace:
  Edge Instrumentation:
    ./lib/server/paths.ts
    ./lib/server/runtime-logger.ts
    ./instrumentation.ts


2026-09-15T17:49:19.192Z [WARN] [33m[1m⚠[22m[39m ./lib/server/runtime-logger.ts:1:1
[1m[33mWarning[39m: A Node.js module is loaded ('node:fs' at line 1) which is not supported in the Edge Runtime.
    Learn More: https://nextjs.org/docs/messages/node-module-in-edge-runtime[22m
[33m[1m>[0m [90m1 |[0m [36mimport[0m fs [36mfrom[0m [32m"node:fs"[0m;
  [90m  |[0m [33m[1m^^^^^^^^^^^^^^^^^^^^^^^^^[0m
  [90m2 |[0m [36mimport[0m path [36mfrom[0m [32m"node:path"[0m;
  [90m3 |[0m [36mimport[0m { [33mDATA_DIR[0m } [36mfrom[0m [32m"./paths"[0m;
  [90m4 |[0m

Ecmascript file had an error

Import trace:
  Edge Instrumentation:
    ./lib/server/runtime-logger.ts
    ./instrumentation.ts


2026-09-15T17:49:19.201Z [WARN] [33m[1m⚠[22m[39m ./lib/server/paths.ts:2:1
[1m[33mWarning[39m: A Node.js module is loaded ('node:path' at line 2) which is not supported in the Edge Runtime.
    Learn More: https://nextjs.org/docs/messages/node-module-in-edge-runtime[22m
  [90m1 |[0m [36mimport[0m fs [36mfrom[0m [32m"node:fs"[0m;
[33m[1m>[0m [90m2 |[0m [36mimport[0m path [36mfrom[0m [32m"node:path"[0m;
  [90m  |[0m [33m[1m^^^^^^^^^^^^^^^^^^^^^^^^^^^^^[0m
  [90m3 |[0m
  [90m4 |[0m /**
  [90m5 |[0m  * 数据目录（便于 [33mDocker[0m 映射）。

Ecmascript file had an error

Import trace:
  Edge Instrumentation:
    ./lib/server/paths.ts
    ./lib/server/runtime-logger.ts
    ./instrumentation.ts


2026-09-15T17:49:19.210Z [WARN] [33m[1m⚠[22m[39m ./lib/server/runtime-logger.ts:2:1
[1m[33mWarning[39m: A Node.js module is loaded ('node:path' at line 2) which is not supported in the Edge Runtime.
    Learn More: https://nextjs.org/docs/messages/node-module-in-edge-runtime[22m
  [90m1 |[0m [36mimport[0m fs [36mfrom[0m [32m"node:fs"[0m;
[33m[1m>[0m [90m2 |[0m [36mimport[0m path [36mfrom[0m [32m"node:path"[0m;
  [90m  |[0m [33m[1m^^^^^^^^^^^^^^^^^^^^^^^^^^^^^[0m
  [90m3 |[0m [36mimport[0m { [33mDATA_DIR[0m } [36mfrom[0m [32m"./paths"[0m;
  [90m4 |[0m
  [90m5 |[0m [36mconst[0m [33mLOG_DIR[0m = path.join([33mDATA_DIR[0m, [32m"logs"[0m);

Ecmascript file had an error

Import trace:
  Edge Instrumentation:
    ./lib/server/runtime-logger.ts
    ./instrumentation.ts


2026-09-15T17:49:31.201Z [WARN] [33m[1m⚠[22m[39m ./lib/server/paths.ts:10:14
[1m[33mWarning[39m: A Node.js API is used (process.cwd at line: 10) which is not supported in the Edge Runtime.
    Learn more: https://nextjs.org/docs/api-reference/edge-runtime[22m
  [90m 8 |[0m [36mexport[0m [36mconst[0m [33mDATA_DIR[0m = process.env.[33mDATA_DIR[0m
  [90m 9 |[0m 	? path.resolve(process.env.[33mDATA_DIR[0m)
[33m[1m>[0m [90m10 |[0m 	: path.join(process.cwd(), [32m"data"[0m);
  [90m   |[0m             [33m[1m^^^^^^^^^^^[0m
  [90m11 |[0m
  [90m12 |[0m [36mconst[0m [33mSTRUCTURED_FILE_EXTENSIONS[0m = [[32m".yaml"[0m, [32m".yml"[0m, [32m".json"[0m] [36mas[0m [36mco...[0m
  [90m13 |[0m

Ecmascript file had an error

Import trace:
  Edge Instrumentation:
    ./lib/server/paths.ts
    ./lib/server/runtime-logger.ts
    ./instrumentation.ts


2026-09-15T17:49:31.205Z [WARN] [33m[1m⚠[22m[39m ./lib/server/runtime-logger.ts:52:50
[1m[33mWarning[39m: A Node.js API is used (process.pid at line: 52) which is not supported in the Edge Runtime.
    Learn more: https://nextjs.org/docs/api-reference/edge-runtime[22m
  [90m50 |[0m ...ues);
  [90m51 |[0m ...
[33m[1m>[0m [90m52 |[0m ...[32mer logger started"[0m, [32m`pid=[0m${process.pid[32m}`[0m]);
  [90m   |[0m                               [33m[1m^^^^^^^^^^^[0m
  [90m53 |[0m ...
  [90m54 |[0m ...
  [90m55 |[0m ...untimeError(error: unknown, requestPath?: string) {

Ecmascript file had an error

Import trace:
  Edge Instrumentation:
    ./lib/server/runtime-logger.ts
    ./instrumentation.ts


2026-09-15T17:49:31.209Z [WARN] [33m[1m⚠[22m[39m ./lib/server/paths.ts:1:1
[1m[33mWarning[39m: A Node.js module is loaded ('node:fs' at line 1) which is not supported in the Edge Runtime.
    Learn More: https://nextjs.org/docs/messages/node-module-in-edge-runtime[22m
[33m[1m>[0m [90m1 |[0m [36mimport[0m fs [36mfrom[0m [32m"node:fs"[0m;
  [90m  |[0m [33m[1m^^^^^^^^^^^^^^^^^^^^^^^^^[0m
  [90m2 |[0m [36mimport[0m path [36mfrom[0m [32m"node:path"[0m;
  [90m3 |[0m
  [90m4 |[0m /**

Ecmascript file had an error

Import trace:
  Edge Instrumentation:
    ./lib/server/paths.ts
    ./lib/server/runtime-logger.ts
    ./instrumentation.ts


2026-09-15T17:49:31.214Z [WARN] [33m[1m⚠[22m[39m ./lib/server/runtime-logger.ts:1:1
[1m[33mWarning[39m: A Node.js module is loaded ('node:fs' at line 1) which is not supported in the Edge Runtime.
    Learn More: https://nextjs.org/docs/messages/node-module-in-edge-runtime[22m
[33m[1m>[0m [90m1 |[0m [36mimport[0m fs [36mfrom[0m [32m"node:fs"[0m;
  [90m  |[0m [33m[1m^^^^^^^^^^^^^^^^^^^^^^^^^[0m
  [90m2 |[0m [36mimport[0m path [36mfrom[0m [32m"node:path"[0m;
  [90m3 |[0m [36mimport[0m { [33mDATA_DIR[0m } [36mfrom[0m [32m"./paths"[0m;
  [90m4 |[0m

Ecmascript file had an error

Import trace:
  Edge Instrumentation:
    ./lib/server/runtime-logger.ts
    ./instrumentation.ts


2026-09-15T17:49:31.218Z [WARN] [33m[1m⚠[22m[39m ./lib/server/paths.ts:2:1
[1m[33mWarning[39m: A Node.js module is loaded ('node:path' at line 2) which is not supported in the Edge Runtime.
    Learn More: https://nextjs.org/docs/messages/node-module-in-edge-runtime[22m
  [90m1 |[0m [36mimport[0m fs [36mfrom[0m [32m"node:fs"[0m;
[33m[1m>[0m [90m2 |[0m [36mimport[0m path [36mfrom[0m [32m"node:path"[0m;
  [90m  |[0m [33m[1m^^^^^^^^^^^^^^^^^^^^^^^^^^^^^[0m
  [90m3 |[0m
  [90m4 |[0m /**
  [90m5 |[0m  * 数据目录（便于 [33mDocker[0m 映射）。

Ecmascript file had an error

Import trace:
  Edge Instrumentation:
    ./lib/server/paths.ts
    ./lib/server/runtime-logger.ts
    ./instrumentation.ts


2026-09-15T17:49:31.222Z [WARN] [33m[1m⚠[22m[39m ./lib/server/runtime-logger.ts:2:1
[1m[33mWarning[39m: A Node.js module is loaded ('node:path' at line 2) which is not supported in the Edge Runtime.
    Learn More: https://nextjs.org/docs/messages/node-module-in-edge-runtime[22m
  [90m1 |[0m [36mimport[0m fs [36mfrom[0m [32m"node:fs"[0m;
[33m[1m>[0m [90m2 |[0m [36mimport[0m path [36mfrom[0m [32m"node:path"[0m;
  [90m  |[0m [33m[1m^^^^^^^^^^^^^^^^^^^^^^^^^^^^^[0m
  [90m3 |[0m [36mimport[0m { [33mDATA_DIR[0m } [36mfrom[0m [32m"./paths"[0m;
  [90m4 |[0m
  [90m5 |[0m [36mconst[0m [33mLOG_DIR[0m = path.join([33mDATA_DIR[0m, [32m"logs"[0m);

Ecmascript file had an error

Import trace:
  Edge Instrumentation:
    ./lib/server/runtime-logger.ts
    ./instrumentation.ts


2026-09-15T17:49:32.903Z [WARN] [33m[1m⚠[22m[39m ./lib/server/paths.ts:10:14
[1m[33mWarning[39m: A Node.js API is used (process.cwd at line: 10) which is not supported in the Edge Runtime.
    Learn more: https://nextjs.org/docs/api-reference/edge-runtime[22m
  [90m 8 |[0m [36mexport[0m [36mconst[0m [33mDATA_DIR[0m = process.env.[33mDATA_DIR[0m
  [90m 9 |[0m 	? path.resolve(process.env.[33mDATA_DIR[0m)
[33m[1m>[0m [90m10 |[0m 	: path.join(process.cwd(), [32m"data"[0m);
  [90m   |[0m             [33m[1m^^^^^^^^^^^[0m
  [90m11 |[0m
  [90m12 |[0m [36mconst[0m [33mSTRUCTURED_FILE_EXTENSIONS[0m = [[32m".yaml"[0m, [32m".yml"[0m, [32m".json"[0m] [36mas[0m [36mco...[0m
  [90m13 |[0m

Ecmascript file had an error

Import trace:
  Edge Instrumentation:
    ./lib/server/paths.ts
    ./lib/server/runtime-logger.ts
    ./instrumentation.ts


2026-09-15T17:49:32.908Z [WARN] [33m[1m⚠[22m[39m ./lib/server/runtime-logger.ts:52:50
[1m[33mWarning[39m: A Node.js API is used (process.pid at line: 52) which is not supported in the Edge Runtime.
    Learn more: https://nextjs.org/docs/api-reference/edge-runtime[22m
  [90m50 |[0m ...ues);
  [90m51 |[0m ...
[33m[1m>[0m [90m52 |[0m ...[32mer logger started"[0m, [32m`pid=[0m${process.pid[32m}`[0m]);
  [90m   |[0m                               [33m[1m^^^^^^^^^^^[0m
  [90m53 |[0m ...
  [90m54 |[0m ...
  [90m55 |[0m ...untimeError(error: unknown, requestPath?: string) {

Ecmascript file had an error

Import trace:
  Edge Instrumentation:
    ./lib/server/runtime-logger.ts
    ./instrumentation.ts


2026-09-15T17:49:32.919Z [WARN] [33m[1m⚠[22m[39m ./lib/server/paths.ts:1:1
[1m[33mWarning[39m: A Node.js module is loaded ('node:fs' at line 1) which is not supported in the Edge Runtime.
    Learn More: https://nextjs.org/docs/messages/node-module-in-edge-runtime[22m
[33m[1m>[0m [90m1 |[0m [36mimport[0m fs [36mfrom[0m [32m"node:fs"[0m;
  [90m  |[0m [33m[1m^^^^^^^^^^^^^^^^^^^^^^^^^[0m
  [90m2 |[0m [36mimport[0m path [36mfrom[0m [32m"node:path"[0m;
  [90m3 |[0m
  [90m4 |[0m /**

Ecmascript file had an error

Import trace:
  Edge Instrumentation:
    ./lib/server/paths.ts
    ./lib/server/runtime-logger.ts
    ./instrumentation.ts


2026-09-15T17:49:32.933Z [WARN] [33m[1m⚠[22m[39m ./lib/server/runtime-logger.ts:1:1
[1m[33mWarning[39m: A Node.js module is loaded ('node:fs' at line 1) which is not supported in the Edge Runtime.
    Learn More: https://nextjs.org/docs/messages/node-module-in-edge-runtime[22m
[33m[1m>[0m [90m1 |[0m [36mimport[0m fs [36mfrom[0m [32m"node:fs"[0m;
  [90m  |[0m [33m[1m^^^^^^^^^^^^^^^^^^^^^^^^^[0m
  [90m2 |[0m [36mimport[0m path [36mfrom[0m [32m"node:path"[0m;
  [90m3 |[0m [36mimport[0m { [33mDATA_DIR[0m } [36mfrom[0m [32m"./paths"[0m;
  [90m4 |[0m

Ecmascript file had an error

Import trace:
  Edge Instrumentation:
    ./lib/server/runtime-logger.ts
    ./instrumentation.ts


2026-09-15T17:49:32.953Z [WARN] [33m[1m⚠[22m[39m ./lib/server/paths.ts:2:1
[1m[33mWarning[39m: A Node.js module is loaded ('node:path' at line 2) which is not supported in the Edge Runtime.
    Learn More: https://nextjs.org/docs/messages/node-module-in-edge-runtime[22m
  [90m1 |[0m [36mimport[0m fs [36mfrom[0m [32m"node:fs"[0m;
[33m[1m>[0m [90m2 |[0m [36mimport[0m path [36mfrom[0m [32m"node:path"[0m;
  [90m  |[0m [33m[1m^^^^^^^^^^^^^^^^^^^^^^^^^^^^^[0m
  [90m3 |[0m
  [90m4 |[0m /**
  [90m5 |[0m  * 数据目录（便于 [33mDocker[0m 映射）。

Ecmascript file had an error

Import trace:
  Edge Instrumentation:
    ./lib/server/paths.ts
    ./lib/server/runtime-logger.ts
    ./instrumentation.ts


2026-09-15T17:49:32.964Z [WARN] [33m[1m⚠[22m[39m ./lib/server/runtime-logger.ts:2:1
[1m[33mWarning[39m: A Node.js module is loaded ('node:path' at line 2) which is not supported in the Edge Runtime.
    Learn More: https://nextjs.org/docs/messages/node-module-in-edge-runtime[22m
  [90m1 |[0m [36mimport[0m fs [36mfrom[0m [32m"node:fs"[0m;
[33m[1m>[0m [90m2 |[0m [36mimport[0m path [36mfrom[0m [32m"node:path"[0m;
  [90m  |[0m [33m[1m^^^^^^^^^^^^^^^^^^^^^^^^^^^^^[0m
  [90m3 |[0m [36mimport[0m { [33mDATA_DIR[0m } [36mfrom[0m [32m"./paths"[0m;
  [90m4 |[0m
  [90m5 |[0m [36mconst[0m [33mLOG_DIR[0m = path.join([33mDATA_DIR[0m, [32m"logs"[0m);

Ecmascript file had an error

Import trace:
  Edge Instrumentation:
    ./lib/server/runtime-logger.ts
    ./instrumentation.ts


2026-09-15T17:49:34.429Z [ERROR] [36m[browser][39m In HTML, <button> cannot be a descendant of <button>.
This will cause a hydration error.

  ...
    <SegmentViewNode type="page" pagePath="admin/(das...">
      <SegmentTrieNode>
      <SitesPage>
        <SitesEditor>
          <DndContext sensors={[...]} collisionDetection={function siteAwareCollisionDetection} measuring={{...}} ...>
            <div className="flex h-[ca...">
              <div className="flex min-h...">
                <div className="hidden w-6...">
                  <div>
                  <div className="flex-1 ove...">
                    <div className="flex flex-...">
                      <DroppableCategoryButton cat={{category:{...}, ...}} isExpanded={true} isSelected={false} ...>
                        <div>
>                         <button
>                           ref={function useNodeRef.useCallback[setNodeRef]}
>                           type="button"
>                           onClick={function DroppableCategoryButton[<button>.onClick]}
>                           className="relative flex w-full cursor-pointer items-center gap-2 overflow-hidden rounded-..."
>                         >
                            <span>
                            <span>
                            <span>
                            <ButtonRoot isIconOnly={true} size="sm" variant="ghost" className="size-7 shr..." ...>
                              <Button className={function} data-slot="button" isDisabled={undefined} slot={undefined} ...>
                                <bound $7230ffa83bc0c2cf$var$DOMElement data-slot="button" className="button but..." ...>
>                                 <button
>                                   data-slot="button"
>                                   className="button button--icon-only button--sm button--ghost size-7 shrink-0"
>                                   style={undefined}
>                                   data-rac=""
>                                   type="button"
>                                   disabled={undefined}
>                                   form={undefined}
>                                   formAction={undefined}
>                                   formEncType={undefined}
>                                   formMethod={undefined}
>                                   formNoValidate={undefined}
>                                   formTarget={undefined}
>                                   name={undefined}
>                                   value={undefined}
>                                   onFocus={function}
>                                   onBlur={function}
>                                   onKeyDown={function onKeyDown}
>                                   onKeyUp={undefined}
>                                   tabIndex={0}
>                                   onClick={function onClick}
>                                   onPointerDown={function}
>                                   onMouseDown={function}
>                                   onPointerUp={function}
>                                   onPointerEnter={function}
>                                   onPointerLeave={function}
>                                   onDragStart={function}
>                                   data-react-aria-pressable={true}
>                                   aria-label="Hide category"
>                                   aria-haspopup={undefined}
>                                   aria-expanded={undefined}
>                                   aria-controls={undefined}
>                                   aria-pressed={undefined}
>                                   aria-current={undefined}
>                                   aria-disabled={undefined}
>                                   id="react-aria6025737702-_r_2_"
>                                   aria-labelledby={undefined}
>                                   slot={undefined}
>                                   data-disabled={undefined}
>                                   data-pressed={undefined}
>                                   data-hovered={undefined}
>                                   data-focused={undefined}
>                                   data-pending={undefined}
>                                   data-focus-visible={undefined}
>                                   ref={function}
>                                 >
                            ...
                          ...
                      ...
                ...
              ...
            ...
            ...
            ...
    ...
 
2026-09-15T17:49:34.481Z [ERROR] [36m[browser][39m <button> cannot contain a nested <button>.
See this log for the ancestor stack trace. 
2026-09-15T17:49:39.559Z [WARN] [33m[1m⚠[22m[39m ./lib/server/paths.ts:10:14
[1m[33mWarning[39m: A Node.js API is used (process.cwd at line: 10) which is not supported in the Edge Runtime.
    Learn more: https://nextjs.org/docs/api-reference/edge-runtime[22m
  [90m 8 |[0m [36mexport[0m [36mconst[0m [33mDATA_DIR[0m = process.env.[33mDATA_DIR[0m
  [90m 9 |[0m 	? path.resolve(process.env.[33mDATA_DIR[0m)
[33m[1m>[0m [90m10 |[0m 	: path.join(process.cwd(), [32m"data"[0m);
  [90m   |[0m             [33m[1m^^^^^^^^^^^[0m
  [90m11 |[0m
  [90m12 |[0m [36mconst[0m [33mSTRUCTURED_FILE_EXTENSIONS[0m = [[32m".yaml"[0m, [32m".yml"[0m, [32m".json"[0m] [36mas[0m [36mco...[0m
  [90m13 |[0m

Ecmascript file had an error

Import trace:
  Edge Instrumentation:
    ./lib/server/paths.ts
    ./lib/server/runtime-logger.ts
    ./instrumentation.ts


2026-09-15T17:49:39.562Z [WARN] [33m[1m⚠[22m[39m ./lib/server/runtime-logger.ts:52:50
[1m[33mWarning[39m: A Node.js API is used (process.pid at line: 52) which is not supported in the Edge Runtime.
    Learn more: https://nextjs.org/docs/api-reference/edge-runtime[22m
  [90m50 |[0m ...ues);
  [90m51 |[0m ...
[33m[1m>[0m [90m52 |[0m ...[32mer logger started"[0m, [32m`pid=[0m${process.pid[32m}`[0m]);
  [90m   |[0m                               [33m[1m^^^^^^^^^^^[0m
  [90m53 |[0m ...
  [90m54 |[0m ...
  [90m55 |[0m ...untimeError(error: unknown, requestPath?: string) {

Ecmascript file had an error

Import trace:
  Edge Instrumentation:
    ./lib/server/runtime-logger.ts
    ./instrumentation.ts


2026-09-15T17:49:39.566Z [WARN] [33m[1m⚠[22m[39m ./lib/server/paths.ts:1:1
[1m[33mWarning[39m: A Node.js module is loaded ('node:fs' at line 1) which is not supported in the Edge Runtime.
    Learn More: https://nextjs.org/docs/messages/node-module-in-edge-runtime[22m
[33m[1m>[0m [90m1 |[0m [36mimport[0m fs [36mfrom[0m [32m"node:fs"[0m;
  [90m  |[0m [33m[1m^^^^^^^^^^^^^^^^^^^^^^^^^[0m
  [90m2 |[0m [36mimport[0m path [36mfrom[0m [32m"node:path"[0m;
  [90m3 |[0m
  [90m4 |[0m /**

Ecmascript file had an error

Import trace:
  Edge Instrumentation:
    ./lib/server/paths.ts
    ./lib/server/runtime-logger.ts
    ./instrumentation.ts


2026-09-15T17:49:39.569Z [WARN] [33m[1m⚠[22m[39m ./lib/server/runtime-logger.ts:1:1
[1m[33mWarning[39m: A Node.js module is loaded ('node:fs' at line 1) which is not supported in the Edge Runtime.
    Learn More: https://nextjs.org/docs/messages/node-module-in-edge-runtime[22m
[33m[1m>[0m [90m1 |[0m [36mimport[0m fs [36mfrom[0m [32m"node:fs"[0m;
  [90m  |[0m [33m[1m^^^^^^^^^^^^^^^^^^^^^^^^^[0m
  [90m2 |[0m [36mimport[0m path [36mfrom[0m [32m"node:path"[0m;
  [90m3 |[0m [36mimport[0m { [33mDATA_DIR[0m } [36mfrom[0m [32m"./paths"[0m;
  [90m4 |[0m

Ecmascript file had an error

Import trace:
  Edge Instrumentation:
    ./lib/server/runtime-logger.ts
    ./instrumentation.ts


2026-09-15T17:49:39.573Z [WARN] [33m[1m⚠[22m[39m ./lib/server/paths.ts:2:1
[1m[33mWarning[39m: A Node.js module is loaded ('node:path' at line 2) which is not supported in the Edge Runtime.
    Learn More: https://nextjs.org/docs/messages/node-module-in-edge-runtime[22m
  [90m1 |[0m [36mimport[0m fs [36mfrom[0m [32m"node:fs"[0m;
[33m[1m>[0m [90m2 |[0m [36mimport[0m path [36mfrom[0m [32m"node:path"[0m;
  [90m  |[0m [33m[1m^^^^^^^^^^^^^^^^^^^^^^^^^^^^^[0m
  [90m3 |[0m
  [90m4 |[0m /**
  [90m5 |[0m  * 数据目录（便于 [33mDocker[0m 映射）。

Ecmascript file had an error

Import trace:
  Edge Instrumentation:
    ./lib/server/paths.ts
    ./lib/server/runtime-logger.ts
    ./instrumentation.ts


2026-09-15T17:49:39.576Z [WARN] [33m[1m⚠[22m[39m ./lib/server/runtime-logger.ts:2:1
[1m[33mWarning[39m: A Node.js module is loaded ('node:path' at line 2) which is not supported in the Edge Runtime.
    Learn More: https://nextjs.org/docs/messages/node-module-in-edge-runtime[22m
  [90m1 |[0m [36mimport[0m fs [36mfrom[0m [32m"node:fs"[0m;
[33m[1m>[0m [90m2 |[0m [36mimport[0m path [36mfrom[0m [32m"node:path"[0m;
  [90m  |[0m [33m[1m^^^^^^^^^^^^^^^^^^^^^^^^^^^^^[0m
  [90m3 |[0m [36mimport[0m { [33mDATA_DIR[0m } [36mfrom[0m [32m"./paths"[0m;
  [90m4 |[0m
  [90m5 |[0m [36mconst[0m [33mLOG_DIR[0m = path.join([33mDATA_DIR[0m, [32m"logs"[0m);

Ecmascript file had an error

Import trace:
  Edge Instrumentation:
    ./lib/server/runtime-logger.ts
    ./instrumentation.ts


